Schlüsselnummer;Name der Regionaleinheit;Stand Tagesdatum;Stand Uhrzeit;Stimmberechtigte;Wähler;Wahlbeteiligung in %;Veränderung der Wahlbeteiligung gegenüber 2013 in %-P.;abgegebene Erststimmen insgesamt 2018;abgegebene Erststimmen insgesamt 2013;gültige Erststimmen insgesamt 2018;gültige Erststimmen insgesamt 2013;ungültige Erststimmen 2018;ungültige Erststimmen 2013;abgegebene Zweitstimmen insgesamt 2018;abgegebene Zweitstimmen insgesamt 2013;gültige Zweitstimmen insgesamt 2018;gültige Zweitstimmen insgesamt 2013;ungültige Zweitstimmen 2018;ungültige Zweitstimmen 2013;abgegebene Gesamtstimmen insgesamt 2018;abgegebene Gesamtstimmen insgesamt 2013;gültige Gesamtstimmen insgesamt 2018;gültige Gesamtstimmen insgesamt 2013;ungültige Gesamtstimmen 2018;ungültige Gesamtstimmen 2013;Partei mit Erststimmenmehrheit;Bewerber mit Erststimmenmehrheit;Parteiname;Bewerber CSU;Erststimmen CSU 2018;Erststimmen CSU 2013;Zweitstimmen CSU 2018;Zweitstimmen CSU 2013; Gesamtstimmen CSU 2018;Gesamtstimmen CSU 2013;Parteiname;Bewerber SPD;Erststimmen SPD 2018;Erststimmen SPD 2013;Zweitstimmen SPD 2018;Zweitstimmen SPD 2013; Gesamtstimmen SPD 2018;Gesamtstimmen SPD 2013;Parteiname;Bewerber FREIE WÄHLER;Erststimmen FREIE WÄHLER 2018;Erststimmen FREIE WÄHLER 2013;Zweitstimmen FREIE WÄHLER 2018;Zweitstimmen FREIE WÄHLER 2013; Gesamtstimmen FREIE WÄHLER 2018;Gesamtstimmen FREIE WÄHLER 2013;Parteiname;Bewerber GRÜNE;Erststimmen GRÜNE 2018;Erststimmen GRÜNE 2013;Zweitstimmen GRÜNE 2018;Zweitstimmen GRÜNE 2013; Gesamtstimmen GRÜNE 2018;Gesamtstimmen GRÜNE 2013;Parteiname;Bewerber FDP;Erststimmen FDP 2018;Erststimmen FDP 2013;Zweitstimmen FDP 2018;Zweitstimmen FDP 2013; Gesamtstimmen FDP 2018;Gesamtstimmen FDP 2013;Parteiname;Bewerber DIE LINKE;Erststimmen DIE LINKE 2018;Erststimmen DIE LINKE 2013;Zweitstimmen DIE LINKE 2018;Zweitstimmen DIE LINKE 2013; Gesamtstimmen DIE LINKE 2018;Gesamtstimmen DIE LINKE 2013;Parteiname;Bewerber BP;Erststimmen BP 2018;Erststimmen BP 2013;Zweitstimmen BP 2018;Zweitstimmen BP 2013; Gesamtstimmen BP 2018;Gesamtstimmen BP 2013;Parteiname;Bewerber ÖDP;Erststimmen ÖDP 2018;Erststimmen ÖDP 2013;Zweitstimmen ÖDP 2018;Zweitstimmen ÖDP 2013; Gesamtstimmen ÖDP 2018;Gesamtstimmen ÖDP 2013;Parteiname;Bewerber PIRATEN;Erststimmen PIRATEN 2018;Erststimmen PIRATEN 2013;Zweitstimmen PIRATEN 2018;Zweitstimmen PIRATEN 2013; Gesamtstimmen PIRATEN 2018;Gesamtstimmen PIRATEN 2013;Parteiname;Bewerber DIE FRANKEN;Erststimmen DIE FRANKEN 2018;Erststimmen DIE FRANKEN 2013;Zweitstimmen DIE FRANKEN 2018;Zweitstimmen DIE FRANKEN 2013; Gesamtstimmen DIE FRANKEN 2018;Gesamtstimmen DIE FRANKEN 2013;Parteiname;Bewerber AfD;Erststimmen AfD 2018;Erststimmen AfD 2013;Zweitstimmen AfD 2018;Zweitstimmen AfD 2013; Gesamtstimmen AfD 2018;Gesamtstimmen AfD 2013;Parteiname;Bewerber LKR;Erststimmen LKR 2018;Erststimmen LKR 2013;Zweitstimmen LKR 2018;Zweitstimmen LKR 2013; Gesamtstimmen LKR 2018;Gesamtstimmen LKR 2013;Parteiname;Bewerber mut;Erststimmen mut 2018;Erststimmen mut 2013;Zweitstimmen mut 2018;Zweitstimmen mut 2013; Gesamtstimmen mut 2018;Gesamtstimmen mut 2013;Parteiname;Bewerber Die Humanisten;Erststimmen Die Humanisten 2018;Erststimmen Die Humanisten 2013;Zweitstimmen Die Humanisten 2018;Zweitstimmen Die Humanisten 2013; Gesamtstimmen Die Humanisten 2018;Gesamtstimmen Die Humanisten 2013;Parteiname;Bewerber Die PARTEI;Erststimmen Die PARTEI 2018;Erststimmen Die PARTEI 2013;Zweitstimmen Die PARTEI 2018;Zweitstimmen Die PARTEI 2013; Gesamtstimmen Die PARTEI 2018;Gesamtstimmen Die PARTEI 2013;Parteiname;Bewerber Gesundheitsforschung;Erststimmen Gesundheitsforschung 2018;Erststimmen Gesundheitsforschung 2013;Zweitstimmen Gesundheitsforschung 2018;Zweitstimmen Gesundheitsforschung 2013; Gesamtstimmen Gesundheitsforschung 2018;Gesamtstimmen Gesundheitsforschung 2013;Parteiname;Bewerber Tierschutzpartei;Erststimmen Tierschutzpartei 2018;Erststimmen Tierschutzpartei 2013;Zweitstimmen Tierschutzpartei 2018;Zweitstimmen Tierschutzpartei 2013; Gesamtstimmen Tierschutzpartei 2018;Gesamtstimmen Tierschutzpartei 2013;Parteiname;Bewerber V-Partei³;Erststimmen V-Partei³ 2018;Erststimmen V-Partei³ 2013;Zweitstimmen V-Partei³ 2018;Zweitstimmen V-Partei³ 2013; Gesamtstimmen V-Partei³ 2018;Gesamtstimmen V-Partei³ 2013;Parteiname;Bewerber Sonstige 2013;Erststimmen Sonstige 2013 2018;Erststimmen Sonstige 2013 2013;Zweitstimmen Sonstige 2013 2018;Zweitstimmen Sonstige 2013 2013; Gesamtstimmen Sonstige 2013 2018;Gesamtstimmen Sonstige 2013 2013;
101;München-Hadern;29.10.2018;11:27;100904;72374;71,7;+9,1;72363;64124;71906;63229;457;895;72323;64086;71523;63204;800;882;144686;128210;143429;126433;1257;1777;CSU;Eisenreich, Georg;CSU;Eisenreich, Georg;20721;25069;19441;24922;40162;49991;SPD;Wenngatz, Micky;9466;19368;9063;21469;18529;40837;FREIE WÄHLER;Springer, Linus;4470;3024;4986;2679;9456;5703;GRÜNE;Siekmann, Florian;19312;6517;20204;5974;39516;12491;FDP;Böcking, Sabrina;5480;2700;5310;2866;10790;5566;DIE LINKE;Seidel, Wolfgang;3444;1556;3391;1303;6835;2859;BP;Müller, Alexander;863;1627;751;1025;1614;2652;ÖDP;Schabl, Michael;1316;1129;1080;1011;2396;2140;PIRATEN;Babelotzky, Jonathan;485;1561;383;1318;868;2879;DIE FRANKEN;-;X;X;X;X;X;X;AfD;Bößenecker, Misha;5153;X;5117;X;10270;X;LKR;Werner, Dr. Klaus-Jürgen;59;X;48;X;107;X;mut;Ellen, Marion;328;X;366;X;694;X;Die Humanisten;-;X;X;145;X;145;X;Die PARTEI;-;X;X;417;X;417;X;Gesundheitsforschung;-;X;X;84;X;84;X;Tierschutzpartei;Jannicke, Meike;670;X;595;X;1265;X;V-Partei³;Roger, Aneta;139;X;142;X;281;X;Sonstige 2013;-;X;678;X;637;X;1315;
102;München-Bogenhausen;29.10.2018;11:27;85705;62632;73,1;+9,9;62607;53974;62223;53253;384;721;62576;53966;61937;53251;639;715;125183;107940;124160;106504;1023;1436;CSU;Brannekämper, Robert;CSU;Brannekämper, Robert;17936;21641;17167;21328;35103;42969;SPD;Malm, Dr. Mike;8006;14792;7571;16838;15577;31630;FREIE WÄHLER;Blasi, Martin;4158;2341;3919;2172;8077;4513;GRÜNE;Baier, Andreas;16463;5857;17315;5128;33778;10985;FDP;Neff, Gabriele;6073;3749;6132;3656;12205;7405;DIE LINKE;Dogan, Erol;2299;1150;2328;927;4627;2077;BP;Caim, Eva;828;1024;636;759;1464;1783;ÖDP;Birgelen von, Klaus;1124;930;1009;949;2133;1879;PIRATEN;Morgenstern, Christopher;467;1153;361;1008;828;2161;DIE FRANKEN;-;X;X;X;X;X;X;AfD;Biedermann, Wilfried;4217;X;4146;X;8363;X;LKR;Reich, Dr. Peter;77;X;54;X;131;X;mut;Erdmann, Jens;372;X;317;X;689;X;Die Humanisten;-;X;X;96;X;96;X;Die PARTEI;-;X;X;243;X;243;X;Gesundheitsforschung;-;X;X;77;X;77;X;Tierschutzpartei;-;X;X;440;X;440;X;V-Partei³;Lorko, Henrietta;203;X;126;X;329;X;Sonstige 2013;-;X;616;X;486;X;1102;
103;München-Giesing;29.10.2018;11:27;123505;91976;74,5;+10,9;91946;77819;91441;76787;505;1032;91920;77829;91076;76973;844;856;183866;155648;182517;153760;1349;1888;GRÜNE;Demirel, Gülseren;CSU;Lorenz, Andreas;20234;26464;21230;27190;41464;53654;SPD;Brunn von, Florian;11544;22204;11117;26304;22661;48508;FREIE WÄHLER;Piazolo, Dr. Michael;7868;5839;5485;3143;13353;8982;GRÜNE;Demirel, Gülseren;28972;10492;29940;9658;58912;20150;FDP;Sandt, Julika;7815;4414;7586;4263;15401;8677;DIE LINKE;Cullmann-Reder, Renate;4535;2219;4932;1750;9467;3969;BP;Altmann, Johann;945;1580;763;1125;1708;2705;ÖDP;Böhm, Dr. Gwendolyn;1707;1018;1476;1181;3183;2199;PIRATEN;-;X;1965;505;1618;505;3583;DIE FRANKEN;-;X;X;X;X;X;X;AfD;Henkel, Uli;5748;X;5604;X;11352;X;LKR;-;X;X;45;X;45;X;mut;Faust, Harald;478;X;660;X;1138;X;Die Humanisten;-;X;X;149;X;149;X;Die PARTEI;Bruckner, Gerd;672;X;562;X;1234;X;Gesundheitsforschung;-;X;X;105;X;105;X;Tierschutzpartei;Weiser, Stephanie;717;X;722;X;1439;X;V-Partei³;Lange, Henrik;206;X;195;X;401;X;Sonstige 2013;-;X;592;X;741;X;1333;
104;München-Milbertshofen;29.10.2018;11:27;109111;77890;71,4;+11,3;77833;66382;77424;65568;409;814;77821;66355;77039;65597;782;758;155654;132737;154463;131165;1191;1572;GRÜNE;Schulze, Katharina;CSU;Pickert, Tina;16128;21372;16182;20712;32310;42084;SPD;Waldmann, Ruth;10734;22152;10865;24707;21599;46859;FREIE WÄHLER;Stahl, Felix;4247;2982;4374;2357;8621;5339;GRÜNE;Schulze, Katharina;27361;8792;25795;8436;53156;17228;FDP;Keck, Andreas;6720;3577;7122;3785;13842;7362;DIE LINKE;Gürpinar, Ates;3891;1718;3979;1498;7870;3216;BP;Dorn, Hubert;632;1037;543;771;1175;1808;ÖDP;Bader, Hans Leo;1070;1537;1232;1233;2302;2770;PIRATEN;Prauß, Florian;423;1889;409;1515;832;3404;DIE FRANKEN;-;X;X;X;X;X;X;AfD;Hastreiter, Thomas;4657;X;4672;X;9329;X;LKR;-;X;X;27;X;27;X;mut;Schweiger, Axel;297;X;449;X;746;X;Die Humanisten;-;X;X;140;X;140;X;Die PARTEI;Tresselt, Rüdiger;461;X;441;X;902;X;Gesundheitsforschung;-;X;X;91;X;91;X;Tierschutzpartei;Wittmann, Dr. Susanne;675;X;558;X;1233;X;V-Partei³;Tönsmann, Marcel;128;X;160;X;288;X;Sonstige 2013;-;X;512;X;583;X;1095;
105;München-Moosach;29.10.2018;11:27;96621;67469;69,8;+9,0;67389;58808;66978;58043;411;765;67418;58816;66722;58084;696;732;134807;117624;133700;116127;1107;1497;GRÜNE;Adjei, Benjamin;CSU;Wittmann, Mechthilde;17509;22473;17831;22864;35340;45337;SPD;Stachowitz, Diana;9997;18532;8453;19684;18450;38216;FREIE WÄHLER;Edenhofer, Lilian;4463;2716;4694;2293;9157;5009;GRÜNE;Adjei, Benjamin;17572;5698;18333;5369;35905;11067;FDP;Duin, Albert;5300;2826;5228;2902;10528;5728;DIE LINKE;Guerra, Tony;2781;1491;2940;1248;5721;2739;BP;Mannseicher, Stephan;885;1406;791;980;1676;2386;ÖDP;Kahl, Veronika;1424;1088;1216;1016;2640;2104;PIRATEN;Schiller, Arnold;362;1251;386;1061;748;2312;DIE FRANKEN;-;X;X;X;X;X;X;AfD;Groß, Michael;5451;X;5270;X;10721;X;LKR;-;X;X;42;X;42;X;mut;Hölscher, Dietmar;265;X;341;X;606;X;Die Humanisten;-;X;X;121;X;121;X;Die PARTEI;Pschigoda, Alexander;307;X;317;X;624;X;Gesundheitsforschung;-;X;X;65;X;65;X;Tierschutzpartei;Schwarz, Bernhard;521;X;538;X;1059;X;V-Partei³;Preisinger, Susanne;141;X;156;X;297;X;Sonstige 2013;-;X;562;X;667;X;1229;
106;München-Pasing;29.10.2018;11:27;109149;81399;74,6;+8,5;81374;71726;80903;70723;471;1003;81345;71734;80420;70791;925;943;162719;143460;161323;141514;1396;1946;CSU;Schmid, Josef;CSU;Schmid, Josef;24902;29672;23468;29829;48370;59501;SPD;Ritter, Florian;10094;19193;9957;22128;20051;41321;FREIE WÄHLER;Wittmann, Karl-Heinz;4757;3905;5350;2803;10107;6708;GRÜNE;Monatzeder, Hep;22622;8001;22374;7081;44996;15082;FDP;Bezdeka, Klement;6093;3217;6100;3425;12193;6642;DIE LINKE;Killet, Julia;3138;1562;2914;1241;6052;2803;BP;Seidl, Norbert;1013;1606;904;1133;1917;2739;ÖDP;Haider, Sonja;1682;1542;1441;1233;3123;2775;PIRATEN;Puskeppelies, Nils;562;1547;475;1280;1037;2827;DIE FRANKEN;-;X;X;X;X;X;X;AfD;Walbrunn, Markus;5806;X;5759;X;11565;X;LKR;-;X;X;39;X;39;X;mut;-;X;X;350;X;350;X;Die Humanisten;-;X;X;119;X;119;X;Die PARTEI;-;X;X;366;X;366;X;Gesundheitsforschung;-;X;X;87;X;87;X;Tierschutzpartei;-;X;X;548;X;548;X;V-Partei³;Preisinger, Maximilian;234;X;169;X;403;X;Sonstige 2013;-;X;478;X;638;X;1116;
107;München-Ramersdorf;29.10.2018;11:27;104497;72638;69,5;+8,0;72594;63280;72147;62422;447;858;72557;63270;71759;62446;798;824;145151;126550;143906;124868;1245;1682;CSU;Blume, Markus;CSU;Blume, Markus;21934;26822;21250;26326;43184;53148;SPD;Rinderspacher, Markus;10097;18411;9178;20167;19275;38578;FREIE WÄHLER;Breyer, Dr. Jörg;4976;3454;5119;2806;10095;6260;GRÜNE;Kurz, Susanne;17600;5122;18191;5248;35791;10370;FDP;Krönauer, Manfred;5106;2650;5329;2859;10435;5509;DIE LINKE;Lindenthal, Moritz;2529;1510;2734;1200;5263;2710;BP;Progl, Richard;1017;1388;953;1003;1970;2391;ÖDP;Meißner, Dr. Andreas;1362;1044;1180;1038;2542;2082;PIRATEN;Meyer, Günther;449;1359;434;1106;883;2465;DIE FRANKEN;-;X;X;X;X;X;X;AfD;Wassill, Iris;5643;X;5651;X;11294;X;LKR;-;X;X;51;X;51;X;mut;Ziegler, Sabine;337;X;401;X;738;X;Die Humanisten;-;X;X;130;X;130;X;Die PARTEI;Burneleit, Marie;375;X;391;X;766;X;Gesundheitsforschung;-;X;X;89;X;89;X;Tierschutzpartei;Frank, Thomas;559;X;517;X;1076;X;V-Partei³;Arnold, Dr. Till;163;X;161;X;324;X;Sonstige 2013;-;X;662;X;693;X;1355;
108;München-Schwabing;29.10.2018;11:27;92199;68591;74,4;+11,7;68564;57493;68278;56890;286;603;68536;57478;67950;56901;586;577;137100;114971;136228;113791;872;1180;GRÜNE;Hierneis, Christian;CSU;Spaenle, Dr. Ludwig;14089;19191;14401;19314;28490;38505;SPD;Zacharias, Isabell;9160;16375;8175;19756;17335;36131;FREIE WÄHLER;Müller, Harald;3092;2629;3285;2058;6377;4687;GRÜNE;Hierneis, Christian;23797;8937;23844;7105;47641;16042;FDP;Heubisch, Dr. Wolfgang;8862;4876;8361;4530;17223;9406;DIE LINKE;Ripke, Martina;2909;1188;3268;1134;6177;2322;BP;Settele, Angela;429;729;393;512;822;1241;ÖDP;Prudlo, Thomas;1050;1212;1071;773;2121;1985;PIRATEN;Mayer, Thomas;420;1570;377;1339;797;2909;DIE FRANKEN;-;X;X;X;X;X;X;AfD;Helmer, Matthias;3341;X;3394;X;6735;X;LKR;Wächter, Andre;41;X;40;X;81;X;mut;Lessenich, Dr. Stephan;402;X;375;X;777;X;Die Humanisten;-;X;X;115;X;115;X;Die PARTEI;Reindl, Lukas;447;X;339;X;786;X;Gesundheitsforschung;Schippl, Peter;77;X;64;X;141;X;Tierschutzpartei;-;X;X;308;X;308;X;V-Partei³;Hackbarth, Jürgen;162;X;140;X;302;X;Sonstige 2013;-;X;183;X;380;X;563;
109;München-Mitte;29.10.2018;11:27;88768;67234;75,7;+12,2;67199;56448;66882;55842;317;606;67188;56459;66689;55722;499;737;134387;112907;133571;111564;816;1343;GRÜNE;Hartmann, Ludwig;CSU;Theiss, Dr. Hans;10532;13861;10203;13932;20735;27793;SPD;Ott, Dr. Michael;7297;18019;7905;21564;15202;39583;FREIE WÄHLER;Schiller-Schulze, Ute;2657;2464;2691;1886;5348;4350;GRÜNE;Hartmann, Ludwig;30369;12504;28542;10334;58911;22838;FDP;Pöhlmann, Anke;6092;3301;6266;3206;12358;6507;DIE LINKE;Wolf, Brigitte;4614;1915;4877;1627;9491;3542;BP;Schmidbauer, Mario;535;844;410;581;945;1425;ÖDP;Zilker, Benjamin;1068;954;1032;851;2100;1805;PIRATEN;-;X;1636;390;1413;390;3049;DIE FRANKEN;-;X;X;X;X;X;X;AfD;Fuchert, Bruno;2636;X;2616;X;5252;X;LKR;-;X;X;32;X;32;X;mut;Stamm, Claudia;847;X;610;X;1457;X;Die Humanisten;-;X;X;126;X;126;X;Die PARTEI;-;X;X;394;X;394;X;Gesundheitsforschung;-;X;X;61;X;61;X;Tierschutzpartei;-;X;X;380;X;380;X;V-Partei³;Rustler, Christine;235;X;154;X;389;X;Sonstige 2013;-;X;344;X;328;X;672;
110;Altötting;29.10.2018;11:27;82670;56649;68,5;+6,5;56649;51279;56044;50222;605;1057;56649;51279;55705;50392;944;887;113298;102558;111749;100614;1549;1944;CSU;Huber, Dr. Martin;CSU;Huber, Dr. Martin;23585;25066;25692;30302;49277;55368;SPD;Knoblauch, Günther;5621;10793;5147;9750;10768;20543;FREIE WÄHLER;Krichenbauer, Johann;7959;4682;5467;2489;13426;7171;GRÜNE;Kellermann, Dr. Thorsten;6087;2901;6711;2523;12798;5424;FDP;Saller, Dr. Rudolf;2099;943;1781;1067;3880;2010;DIE LINKE;Nitzsche, Patrick;1337;731;1396;733;2733;1464;BP;Stitzl, Simon;1357;1517;1367;1089;2724;2606;ÖDP;Huber, Hans;1317;1613;672;867;1989;2480;PIRATEN;Beinlich, Dorothea;304;967;226;830;530;1797;DIE FRANKEN;-;X;X;X;X;X;X;AfD;Schwembauer, Thomas;6087;X;6002;X;12089;X;LKR;-;X;X;31;X;31;X;mut;Maier, Thomas;291;X;262;X;553;X;Die Humanisten;-;X;X;55;X;55;X;Die PARTEI;-;X;X;312;X;312;X;Gesundheitsforschung;-;X;X;97;X;97;X;Tierschutzpartei;-;X;X;372;X;372;X;V-Partei³;-;X;X;115;X;115;X;Sonstige 2013;-;X;1009;X;742;X;1751;
111;Bad Tölz-Wolfratshausen, Garmisch-Partenkirchen;29.10.2018;11:27;125118;92483;73,9;+7,8;92483;82623;91588;81189;895;1434;92483;82622;91154;81111;1329;1511;184966;165245;182742;162300;2224;2945;CSU;Bachhuber, Martin;CSU;Bachhuber, Martin;35139;41734;39339;46818;74478;88552;SPD;Kühn, Robert;4471;10714;5680;13795;10151;24509;FREIE WÄHLER;Streibl, Florian;13293;11737;9516;4822;22809;16559;GRÜNE;Urban, Hans;19056;5421;16151;5509;35207;10930;FDP;Haugg, Fritz;4109;2441;4189;2845;8298;5286;DIE LINKE;Gehnen, Elmar;1930;1239;2145;1083;4075;2322;BP;Lausch, Josef;2505;3773;2615;3001;5120;6774;ÖDP;Gampl, Markus;1406;2173;1381;1444;2787;3617;PIRATEN;Kalipke, Myriam;433;1400;366;1138;799;2538;DIE FRANKEN;-;X;X;X;X;X;X;AfD;Cyron, Dr. Anne;8173;X;8056;X;16229;X;LKR;-;X;X;51;X;51;X;mut;Ronge, Khando;270;X;365;X;635;X;Die Humanisten;-;X;X;93;X;93;X;Die PARTEI;Lutz, Christian;545;X;288;X;833;X;Gesundheitsforschung;-;X;X;102;X;102;X;Tierschutzpartei;-;X;X;608;X;608;X;V-Partei³;Mittelmaier, Roland;258;X;209;X;467;X;Sonstige 2013;-;X;557;X;656;X;1213;
112;Berchtesgadener Land;29.10.2018;11:27;94568;67508;71,4;+8,9;67508;58764;66862;57729;646;1035;67508;58763;66166;57493;1342;1270;135016;117527;133028;115222;1988;2305;CSU;Kaniber, Michaela;CSU;Kaniber, Michaela;28554;29551;28071;33875;56625;63426;SPD;Aigner, Susanne;4480;6688;4213;9350;8693;16038;FREIE WÄHLER;Koller, Michael;9103;7505;7871;3404;16974;10909;GRÜNE;Zimmer, Dr. Bernhard;10677;6839;11080;5067;21757;11906;FDP;Gschossmann, Wilhelm;2351;1051;2300;1218;4651;2269;DIE LINKE;Raufer, Michael;1712;835;1558;740;3270;1575;BP;Baueregger, Konrad;2192;1299;1995;1103;4187;2402;ÖDP;Paiva, Barbara;1014;2113;880;1333;1894;3446;PIRATEN;-;X;878;217;654;217;1532;DIE FRANKEN;-;X;X;X;X;X;X;AfD;Schosnowski, Jens;6397;X;6590;X;12987;X;LKR;-;X;X;20;X;20;X;mut;Mayr, Maria;382;X;371;X;753;X;Die Humanisten;-;X;X;47;X;47;X;Die PARTEI;-;X;X;244;X;244;X;Gesundheitsforschung;-;X;X;90;X;90;X;Tierschutzpartei;-;X;X;495;X;495;X;V-Partei³;-;X;X;124;X;124;X;Sonstige 2013;-;X;970;X;749;X;1719;
113;Dachau;29.10.2018;11:27;104705;81301;77,6;+8,4;81299;70308;80670;69302;629;1006;81295;70309;80363;69326;932;983;162594;140617;161033;138628;1561;1989;CSU;Seidenath, Bernhard;CSU;Seidenath, Bernhard;27612;32791;29962;37049;57574;69840;SPD;Güll, Martin;10211;16200;6829;14968;17040;31168;FREIE WÄHLER;Purkhardt, Martina;11091;6922;10416;4601;21507;11523;GRÜNE;Kreß, Thomas;12851;3761;14628;4548;27479;8309;FDP;Sommerfeld, Dr. Frank;4724;1483;3978;1663;8702;3146;DIE LINKE;Westermeier, Jonathan;1775;1051;1733;987;3508;2038;BP;Paintner, Josef;1910;2708;1985;1975;3895;4683;ÖDP;Hinz, Christopher;1357;2212;1314;1630;2671;3842;PIRATEN;Welter, Dr. Oliver;514;1389;447;1127;961;2516;DIE FRANKEN;-;X;X;X;X;X;X;AfD;Steier, Christoph;7412;X;7235;X;14647;X;LKR;-;X;X;31;X;31;X;mut;Krüger, Hans-Joachim;292;X;312;X;604;X;Die Humanisten;-;X;X;104;X;104;X;Die PARTEI;-;X;X;299;X;299;X;Gesundheitsforschung;-;X;X;124;X;124;X;Tierschutzpartei;Krämer, Michael;921;X;819;X;1740;X;V-Partei³;-;X;X;147;X;147;X;Sonstige 2013;-;X;785;X;778;X;1563;
114;Ebersberg;29.10.2018;11:27;99240;79235;79,8;+9,0;79234;68034;78652;67122;582;912;79231;68032;78360;67114;871;918;158465;136066;157012;134236;1453;1830;CSU;Huber, Thomas;CSU;Huber, Thomas;28381;31038;28130;33140;56511;64178;SPD;Rauscher, Doris;9535;13390;7078;16070;16613;29460;FREIE WÄHLER;Erhorn, Markus;6449;5171;7299;3924;13748;9095;GRÜNE;Sarnowski von, Thomas;16582;7879;17503;5759;34085;13638;FDP;Müller, Alexander;5270;3152;5244;2501;10514;5653;DIE LINKE;Fröhlich, Dr. Heinz;2000;914;2021;823;4021;1737;BP;Böhnlein, Robert;2093;2645;1897;1849;3990;4494;ÖDP;Reindl, Rosi;1476;1173;1172;1373;2648;2546;PIRATEN;-;X;1172;391;1032;391;2204;DIE FRANKEN;-;X;X;X;X;X;X;AfD;Sturm, Hilmar;5614;X;5852;X;11466;X;LKR;-;X;X;38;X;38;X;mut;Held, Afra;388;X;414;X;802;X;Die Humanisten;-;X;X;98;X;98;X;Die PARTEI;Brunner, Simon;626;X;361;X;987;X;Gesundheitsforschung;-;X;X;106;X;106;X;Tierschutzpartei;-;X;X;582;X;582;X;V-Partei³;Capan, Yasemin;238;X;174;X;412;X;Sonstige 2013;-;X;588;X;643;X;1231;
115;Eichstätt;29.10.2018;11:27;97666;75191;77,0;+7,0;75191;67010;74626;65865;565;1145;75190;67008;74277;66095;913;913;150381;134018;148903;131960;1478;2058;CSU;Schorer-Dremel, Tanja;CSU;Schorer-Dremel, Tanja;32208;35769;33344;39936;65552;75705;SPD;De Lapuente, Christian;5235;11203;5881;12046;11116;23249;FREIE WÄHLER;Gottstein, Eva;10078;7274;8120;4782;18198;12056;GRÜNE;Bittlmayer, Klaus;8852;2873;8507;3058;17359;5931;FDP;Schön, Thomas;3316;1203;2851;1082;6167;2285;DIE LINKE;Eigner, Dominik;1862;1505;2136;1030;3998;2535;BP;Distler, Wolfgang;2411;2326;2046;1300;4457;3626;ÖDP;Lechner, Maria;1407;1890;1380;1392;2787;3282;PIRATEN;-;X;1118;264;843;264;1961;DIE FRANKEN;-;X;X;X;X;X;X;AfD;Lipp, Oskar;8571;X;8338;X;16909;X;LKR;-;X;X;27;X;27;X;mut;-;X;X;181;X;181;X;Die Humanisten;-;X;X;96;X;96;X;Die PARTEI;Tischer, Felix;686;X;337;X;1023;X;Gesundheitsforschung;-;X;X;113;X;113;X;Tierschutzpartei;-;X;X;489;X;489;X;V-Partei³;-;X;X;167;X;167;X;Sonstige 2013;-;X;704;X;626;X;1330;
116;Erding;29.10.2018;11:27;99451;77171;77,6;+9,3;77171;65399;76550;64398;621;1001;77169;65396;76251;64393;918;1003;154340;130795;152801;128791;1539;2004;CSU;Scharf, Ulrike;CSU;Scharf, Ulrike;29038;32097;28371;33851;57409;65948;SPD;Eichinger, Gertrud;5220;7488;5058;11289;10278;18777;FREIE WÄHLER;Mehringer, Rainer;10531;6990;11150;5299;21681;12289;GRÜNE;Frank-Mayer, Ursula;11848;6282;12715;5171;24563;11453;FDP;Korn, Christian;3256;1629;3297;1486;6553;3115;DIE LINKE;Koppe, Walter;1794;1173;1828;919;3622;2092;BP;Zimmer, Andreas;2708;2532;2240;1873;4948;4405;ÖDP;Treffler, Stephan;2243;2516;1587;1748;3830;4264;PIRATEN;Lorenz, Stefan;399;1447;362;1115;761;2562;DIE FRANKEN;-;X;X;X;X;X;X;AfD;Huber, Martin;8707;X;7982;X;16689;X;LKR;-;X;X;47;X;47;X;mut;-;X;X;216;X;216;X;Die Humanisten;-;X;X;75;X;75;X;Die PARTEI;Kuliberda, Markus;568;X;399;X;967;X;Gesundheitsforschung;-;X;X;120;X;120;X;Tierschutzpartei;-;X;X;632;X;632;X;V-Partei³;Krätschmer, Markus;238;X;172;X;410;X;Sonstige 2013;-;X;2244;X;1642;X;3886;
117;Freising;29.10.2018;11:27;120712;91939;76,2;+8,7;91924;80227;91327;79248;597;979;91934;80226;90696;78961;1238;1265;183858;160453;182023;158209;1835;2244;CSU;Herrmann, Dr. Florian;CSU;Herrmann, Dr. Florian;24986;30779;26728;35194;51714;65973;SPD;Grill, Markus;4756;8644;6118;14507;10874;23151;FREIE WÄHLER;Zierer, Benno;19199;10521;15865;10219;35064;20740;GRÜNE;Becher, Johannes;21905;19934;20880;9867;42785;29801;FDP;Barschdorf, Dr. Jens;4182;1895;4337;2079;8519;3974;DIE LINKE;Hoyer, Dr. Guido;2853;1510;2708;1432;5561;2942;BP;Sachs, Herbert;1725;2289;1578;1817;3303;4106;ÖDP;Bergauer, Felix;1280;1185;1279;1397;2559;2582;PIRATEN;Hiesinger, Stefan;493;1877;444;1621;937;3498;DIE FRANKEN;-;X;X;X;X;X;X;AfD;Kranich, Bernhard;8742;X;8577;X;17319;X;LKR;-;X;X;51;X;51;X;mut;Capric, Katharina;395;X;445;X;840;X;Die Humanisten;-;X;X;155;X;155;X;Die PARTEI;Neuwirth, Kevin;811;X;554;X;1365;X;Gesundheitsforschung;-;X;X;116;X;116;X;Tierschutzpartei;-;X;X;684;X;684;X;V-Partei³;-;X;X;177;X;177;X;Sonstige 2013;-;X;614;X;828;X;1442;
118;Fürstenfeldbruck-Ost;29.10.2018;11:27;117454;92218;78,5;+7,5;92214;83354;91526;82214;688;1140;92211;83353;91274;82253;937;1100;184425;166707;182800;164467;1625;2240;CSU;Miskowitsch, Benjamin;CSU;Miskowitsch, Benjamin;29373;36560;31396;39342;60769;75902;SPD;Falk, Peter;8105;16975;8709;21223;16814;38198;FREIE WÄHLER;Friedl, Hans;11286;7783;9959;4678;21245;12461;GRÜNE;Runge, Dr. Martin;22786;10346;20704;7706;43490;18052;FDP;Bode, Ulrich;5496;2919;5543;2929;11039;5848;DIE LINKE;Martin-Köppl, Ernestine;2230;1377;2407;1088;4637;2465;BP;Kellerer, Sebastian;1447;2312;1422;1738;2869;4050;ÖDP;Holdt, Christian;1124;1426;1144;1206;2268;2632;PIRATEN;Rösch, Roger;584;1818;485;1514;1069;3332;DIE FRANKEN;-;X;X;X;X;X;X;AfD;Hahn, Dr. Ingo;7622;X;7391;X;15013;X;LKR;-;X;X;36;X;36;X;mut;Maier, Manfred;330;X;391;X;721;X;Die Humanisten;-;X;X;132;X;132;X;Die PARTEI;-;X;X;351;X;351;X;Gesundheitsforschung;-;X;X;108;X;108;X;Tierschutzpartei;Wied, Alexander;921;X;897;X;1818;X;V-Partei³;Berchtold-Benchieb, Christine;222;X;199;X;421;X;Sonstige 2013;-;X;698;X;829;X;1527;
119;Ingolstadt;29.10.2018;11:27;90643;58016;64,0;+8,5;58016;49851;57549;49021;467;830;58014;49851;57124;49014;890;837;116030;99702;114673;98035;1357;1667;CSU;Grob, Alfred;CSU;Grob, Alfred;20734;22406;20833;26551;41567;48957;SPD;Spaeth, Dr. Christoph;5251;9417;5183;10466;10434;19883;FREIE WÄHLER;Flauger, Petra;4270;5291;4262;2134;8532;7425;GRÜNE;Kürten, Stephanie;9068;3938;9965;3517;19033;7455;FDP;Schäuble, Jakob;4257;1774;3686;1368;7943;3142;DIE LINKE;Bulling-Schröter, Eva;3368;1612;2419;1425;5787;3037;BP;Barthelmes, Michael;897;1172;882;772;1779;1944;ÖDP;Köstler, Raimund;920;1428;876;1073;1796;2501;PIRATEN;Doppler, Christian;429;1282;348;1058;777;2340;DIE FRANKEN;-;X;X;X;X;X;X;AfD;Kraus, Johannes, gen. Kraus von Sande;7445;X;7321;X;14766;X;LKR;-;X;X;28;X;28;X;mut;-;X;X;141;X;141;X;Die Humanisten;Knöferl, Matthias;159;X;128;X;287;X;Die PARTEI;Sandner, Bernd;490;X;395;X;885;X;Gesundheitsforschung;-;X;X;110;X;110;X;Tierschutzpartei;-;X;X;348;X;348;X;V-Partei³;Meinen, Antje;261;X;199;X;460;X;Sonstige 2013;-;X;701;X;650;X;1351;
120;Landsberg am Lech, Fürstenfeldbruck-West;29.10.2018;11:27;126089;97026;77,0;+8,8;97024;83874;96101;82645;923;1229;97025;83874;95743;82701;1282;1173;194049;167748;191844;165346;2205;2402;CSU;Dorow, Alex;CSU;Dorow, Alex;34085;41570;34193;41810;68278;83380;SPD;Winklmeier, Christian;7356;14346;6705;17278;14061;31624;FREIE WÄHLER;Stockinger, Georg;9254;5317;9230;3864;18484;9181;GRÜNE;Triebel, Gabriele;23488;9072;23685;9709;47173;18781;FDP;Schäfer, Ulla;5515;2165;4756;2494;10271;4659;DIE LINKE;Sprinz, Hansjoachim;2876;1710;2543;1263;5419;2973;BP;Hofmann, Michael;2645;3555;2253;2240;4898;5795;ÖDP;Sedlmayr, Robert;2217;2283;1601;1667;3818;3950;PIRATEN;-;X;1972;507;1543;507;3515;DIE FRANKEN;-;X;X;X;X;X;X;AfD;Schwarz, Edeltraud;8030;X;7897;X;15927;X;LKR;-;X;X;42;X;42;X;mut;Heidegger, Mirella;635;X;466;X;1101;X;Die Humanisten;-;X;X;149;X;149;X;Die PARTEI;-;X;X;467;X;467;X;Gesundheitsforschung;-;X;X;139;X;139;X;Tierschutzpartei;-;X;X;846;X;846;X;V-Partei³;-;X;X;264;X;264;X;Sonstige 2013;-;X;655;X;833;X;1488;
121;Miesbach;29.10.2018;11:27;86937;66815;76,9;+7,3;66815;59653;66349;58846;466;807;66813;59651;65745;58643;1068;1008;133628;119304;132094;117489;1534;1815;CSU;Aigner, Ilse;CSU;Aigner, Ilse;30297;33428;25033;33620;55330;67048;SPD;Schmidt-Völlmecke, Verena;4435;8225;4610;10076;9045;18301;FREIE WÄHLER;Hölscher, Gisela;7430;5167;8516;3705;15946;8872;GRÜNE;Tomaschek, Thomas;11086;4999;12046;4170;23132;9169;FDP;Lex, Ursula;3283;1629;3739;2167;7022;3796;DIE LINKE;Hager, Jörg;1322;709;1356;637;2678;1346;BP;Gelesch, Loris-Marco;1689;2114;2232;1821;3921;3935;ÖDP;Limmer, Peter;1043;1135;874;1122;1917;2257;PIRATEN;-;X;980;237;746;237;1726;DIE FRANKEN;-;X;X;X;X;X;X;AfD;Bolle, Rainer;5445;X;5677;X;11122;X;LKR;-;X;X;22;X;22;X;mut;Kralik, Manuel;319;X;348;X;667;X;Die Humanisten;-;X;X;79;X;79;X;Die PARTEI;-;X;X;200;X;200;X;Gesundheitsforschung;-;X;X;87;X;87;X;Tierschutzpartei;-;X;X;564;X;564;X;V-Partei³;-;X;X;125;X;125;X;Sonstige 2013;-;X;460;X;579;X;1039;
122;Mühldorf a.Inn;29.10.2018;11:27;85378;60949;71,4;+8,8;60948;52662;60366;51801;582;861;60949;52667;59988;51889;961;778;121897;105329;120354;103690;1543;1639;CSU;Huber, Dr. Marcel;CSU;Huber, Dr. Marcel;29105;32677;26137;30202;55242;62879;SPD;Maier, Kilian;3741;5697;6206;10717;9947;16414;FREIE WÄHLER;Saller, Markus;6089;3854;5486;2604;11575;6458;GRÜNE;Bogner, Judith;6748;2977;6870;2510;13618;5487;FDP;Corticelli, Peter;1843;751;2064;1093;3907;1844;DIE LINKE;Hackl, Philipp;1271;856;1291;684;2562;1540;BP;Drechsler, Thomas;2036;1835;1919;1414;3955;3249;ÖDP;Retzer, Reinhard;1488;1617;1224;1262;2712;2879;PIRATEN;Seuffert, Daniel;303;889;254;726;557;1615;DIE FRANKEN;-;X;X;X;X;X;X;AfD;Multusch, Oliver;7501;X;7248;X;14749;X;LKR;-;X;X;35;X;35;X;mut;-;X;X;213;X;213;X;Die Humanisten;-;X;X;62;X;62;X;Die PARTEI;-;X;X;257;X;257;X;Gesundheitsforschung;-;X;X;106;X;106;X;Tierschutzpartei;-;X;X;462;X;462;X;V-Partei³;Lippa, Magdalena;241;X;154;X;395;X;Sonstige 2013;-;X;648;X;677;X;1325;
123;München-Land-Nord;29.10.2018;11:27;119173;92966;78,0;+8,0;92964;83271;92259;82214;705;1057;92963;83276;91934;82178;1029;1098;185927;166547;184193;164392;1734;2155;CSU;Weidenbusch, Ernst;CSU;Weidenbusch, Ernst;28202;35308;30390;37841;58592;73149;SPD;Ganssmüller-Maluche, Annette;10443;19142;10199;23124;20642;42266;FREIE WÄHLER;Kraus, Nikolaus;11227;8713;8463;4356;19690;13069;GRÜNE;Köhler, Claudia;21059;8467;21277;6778;42336;15245;FDP;Jännert, Thomas;7011;3265;6703;3865;13714;7130;DIE LINKE;Hamm, Robert;2721;1387;2682;1146;5403;2533;BP;Furche, Dr. Franz;1357;1889;1277;1449;2634;3338;ÖDP;Sombach, Hanno;1024;1355;1182;1261;2206;2616;PIRATEN;Knoblich, Thomas;577;1849;529;1564;1106;3413;DIE FRANKEN;-;X;X;X;X;X;X;AfD;Groß, Rainer;7038;X;6941;X;13979;X;LKR;Schütt, Ulrike;95;X;83;X;178;X;mut;Pflaum, Dr. Stephan;399;X;463;X;862;X;Die Humanisten;-;X;X;141;X;141;X;Die PARTEI;-;X;X;345;X;345;X;Gesundheitsforschung;-;X;X;139;X;139;X;Tierschutzpartei;Reithmayer, Elisabeth;1106;X;931;X;2037;X;V-Partei³;-;X;X;189;X;189;X;Sonstige 2013;-;X;839;X;794;X;1633;
124;München-Land-Süd;29.10.2018;11:27;114700;92329;80,5;+6,8;92325;83455;91709;82307;616;1148;92311;83456;91470;82395;841;1061;184636;166911;183179;164702;1457;2209;CSU;Schreyer, Kerstin;CSU;Schreyer, Kerstin;29564;38157;31427;39619;60991;77776;SPD;Kohnen, Natascha;11217;16905;7866;20444;19083;37349;FREIE WÄHLER;Ertl, Dr. Ilse;7564;4790;7217;3847;14781;8637;GRÜNE;Büchler, Dr. Markus;21649;10060;23977;7669;45626;17729;FDP;Markwort, Helmut;9442;5837;8183;5532;17625;11369;DIE LINKE;Baudler, Bernhard;1965;1176;2064;959;4029;2135;BP;Geiger, Dr. Albert;1439;1990;1240;1237;2679;3227;ÖDP;Streit, Wilhelm;1030;1164;1116;1177;2146;2341;PIRATEN;Belas, Manuel;397;1516;379;1223;776;2739;DIE FRANKEN;-;X;X;X;X;X;X;AfD;Riediger, Ulrich;6355;X;6381;X;12736;X;LKR;Schalamow, Silvia;41;X;46;X;87;X;mut;Linke, Jörg;322;X;396;X;718;X;Die Humanisten;-;X;X;111;X;111;X;Die PARTEI;Gutbrod, Thomas;467;X;317;X;784;X;Gesundheitsforschung;-;X;X;62;X;62;X;Tierschutzpartei;-;X;X;509;X;509;X;V-Partei³;Preisinger, Jürgen;257;X;179;X;436;X;Sonstige 2013;-;X;712;X;688;X;1400;
125;Neuburg-Schrobenhausen;29.10.2018;11:27;81620;59068;72,4;+7,3;59067;52122;58626;51489;441;633;59065;52118;58201;51049;864;1069;118132;104240;116827;102538;1305;1702;CSU;Enghuber, Matthias;CSU;Enghuber, Matthias;20292;31689;25462;29617;45754;61306;SPD;Fischer, Andreas;3187;6450;3640;8546;6827;14996;FREIE WÄHLER;Weigert, Roland;16815;5335;8137;4991;24952;10326;GRÜNE;Schwarz, Karola;5925;2930;7034;2397;12959;5327;FDP;Gumppenberg Freiherr von, Michael;1760;848;2255;1044;4015;1892;DIE LINKE;Nava, Gabriele;1176;989;1342;851;2518;1840;BP;Ferstl, Christian;1466;1255;1547;1232;3013;2487;ÖDP;Hofmaier, Franz;607;589;667;803;1274;1392;PIRATEN;Deuter, Reinhold;313;919;211;880;524;1799;DIE FRANKEN;-;X;X;X;X;X;X;AfD;Wilhelm, Christina;6533;X;6749;X;13282;X;LKR;-;X;X;23;X;23;X;mut;-;X;X;115;X;115;X;Die Humanisten;-;X;X;62;X;62;X;Die PARTEI;Blei, Christian;552;X;351;X;903;X;Gesundheitsforschung;-;X;X;79;X;79;X;Tierschutzpartei;-;X;X;405;X;405;X;V-Partei³;-;X;X;122;X;122;X;Sonstige 2013;-;X;485;X;688;X;1173;
126;Pfaffenhofen a.d.Ilm;29.10.2018;11:27;82997;60848;73,3;+7,9;60848;52835;60226;51462;622;1373;60848;52836;60047;52102;801;734;121696;105671;120273;103564;1423;2107;CSU;Straub, Karl;CSU;Straub, Karl;21512;24248;23935;29781;45447;54029;SPD;Käser, Markus;5882;10230;4637;10260;10519;20490;FREIE WÄHLER;Gürtner, Albert;8043;6299;6927;3003;14970;9302;GRÜNE;Reim, Wilhelm;6821;3006;8256;2946;15077;5952;FDP;Schäch, Josef;5665;1910;3027;1409;8692;3319;DIE LINKE;de la Motte Rouge, Werner;1337;1013;1526;888;2863;1901;BP;Prado Diaz, Robert;1241;1615;1360;1236;2601;2851;ÖDP;Ebner, Siegfried;1210;1330;1061;1017;2271;2347;PIRATEN;-;X;1193;274;934;274;2127;DIE FRANKEN;-;X;X;X;X;X;X;AfD;Teich, Tobias;7738;X;7788;X;15526;X;LKR;-;X;X;33;X;33;X;mut;-;X;X;171;X;171;X;Die Humanisten;-;X;X;65;X;65;X;Die PARTEI;Wallner, Max;509;X;274;X;783;X;Gesundheitsforschung;-;X;X;82;X;82;X;Tierschutzpartei;-;X;X;435;X;435;X;V-Partei³;Steinacher, Sebastian;268;X;196;X;464;X;Sonstige 2013;-;X;618;X;628;X;1246;
127;Rosenheim-Ost;29.10.2018;11:27;111367;82627;74,2;+9,9;82622;70591;81883;69612;739;979;82618;70595;81525;69422;1093;1173;165240;141186;163408;139034;1832;2152;CSU;Stöttner, Klaus;CSU;Stöttner, Klaus;29019;34823;31635;37934;60654;72757;SPD;Promann, Britta;4919;8876;5356;12535;10275;21411;FREIE WÄHLER;Fischer, Mary;9975;7247;8692;3853;18667;11100;GRÜNE;Hinterholzer, Leonhard;16337;7569;15549;5820;31886;13389;FDP;Hagen, Martin;4400;1796;4028;2172;8428;3968;DIE LINKE;Weber-Teuber, Dr. Klaus;2150;1125;1993;886;4143;2011;BP;Freund, Helmut;3575;3085;2905;2159;6480;5244;ÖDP;Fortner, Josef;1552;2041;1173;1570;2725;3611;PIRATEN;Ernst, Dr. Hartmut;456;1599;346;1137;802;2736;DIE FRANKEN;-;X;X;X;X;X;X;AfD;Winhart, Andreas;8264;X;8029;X;16293;X;LKR;-;X;X;29;X;29;X;mut;Kunst, Marie-Luise;461;X;467;X;928;X;Die Humanisten;-;X;X;102;X;102;X;Die PARTEI;Krüger, Ricarda;775;X;368;X;1143;X;Gesundheitsforschung;-;X;X;86;X;86;X;Tierschutzpartei;-;X;X;606;X;606;X;V-Partei³;-;X;X;161;X;161;X;Sonstige 2013;-;X;1451;X;1356;X;2807;
128;Rosenheim-West;29.10.2018;11:27;109541;82023;74,9;+9,4;82022;70010;81363;68769;659;1241;82022;70011;81100;68928;922;1083;164044;140021;162463;137697;1581;2324;CSU;Lederer, Otto;CSU;Lederer, Otto;30752;35595;32989;38926;63741;74521;SPD;Burgmaier, Alexandra;5848;10198;5481;11704;11329;21902;FREIE WÄHLER;Degenhart, Christine;9742;5659;7480;3672;17222;9331;GRÜNE;Knobel, Martin;13237;7196;14088;5390;27325;12586;FDP;Linnerer, Michael;4474;1541;3963;1678;8437;3219;DIE LINKE;Peiker, Christian;2426;1155;2010;957;4436;2112;BP;Weber, Florian;3250;3454;3090;2722;6340;6176;ÖDP;Maier, Ludwig;1685;1276;1355;1571;3040;2847;PIRATEN;Krueger, Dr. Olaf Konstantin;421;1381;358;1108;779;2489;DIE FRANKEN;-;X;X;X;X;X;X;AfD;Bergmüller, Franz;8595;X;8457;X;17052;X;LKR;-;X;X;39;X;39;X;mut;Altenburger, Joseph;458;X;506;X;964;X;Die Humanisten;-;X;X;97;X;97;X;Die PARTEI;Schwab, Peter;475;X;338;X;813;X;Gesundheitsforschung;-;X;X;108;X;108;X;Tierschutzpartei;-;X;X;593;X;593;X;V-Partei³;-;X;X;148;X;148;X;Sonstige 2013;-;X;1314;X;1200;X;2514;
129;Starnberg;29.10.2018;11:27;102085;81856;80,2;+7,4;81854;73763;81198;72454;656;1309;81852;73762;80972;72794;880;968;163706;147525;162170;145248;1536;2277;CSU;Eiling-Hütig, Dr. Ute;CSU;Eiling-Hütig, Dr. Ute;24946;29579;26649;34133;51595;63712;SPD;Kern, Christiane;6608;12204;7179;15831;13787;28035;FREIE WÄHLER;Vilsmayer, Matthias;9237;6646;7376;3909;16613;10555;GRÜNE;Franke, Anne;21641;9186;21348;8241;42989;17427;FDP;Hundesrügge, Britta;7807;7757;7433;5438;15240;13195;DIE LINKE;Feilzer, Bernhard;1895;926;1940;837;3835;1763;BP;Pfänder, Rupert;1636;2174;1059;1479;2695;3653;ÖDP;Kühn, Anastasia;1040;1813;883;1256;1923;3069;PIRATEN;Kohler, Alexander;404;1690;303;1169;707;2859;DIE FRANKEN;-;X;X;X;X;X;X;AfD;Radtke, Klaus;5418;X;5282;X;10700;X;LKR;-;X;X;33;X;33;X;mut;King, Tim;320;X;356;X;676;X;Die Humanisten;-;X;X;80;X;80;X;Die PARTEI;-;X;X;257;X;257;X;Gesundheitsforschung;-;X;X;76;X;76;X;Tierschutzpartei;-;X;X;550;X;550;X;V-Partei³;Lange, Gregor;246;X;168;X;414;X;Sonstige 2013;-;X;479;X;501;X;980;
130;Traunstein;29.10.2018;11:27;113089;82070;72,6;+8,7;82070;71707;81357;70600;713;1107;82070;71706;80838;70603;1232;1103;164140;143413;162195;141203;1945;2210;CSU;Steiner, Klaus;CSU;Steiner, Klaus;29713;35724;34022;40547;63735;76271;SPD;Parzinger, Sepp;6664;9079;6054;12406;12718;21485;FREIE WÄHLER;Seissiger, Dr. Lothar;9680;6966;7811;3560;17491;10526;GRÜNE;Sengl, Gisela;15669;9042;14184;6198;29853;15240;FDP;Buggisch, Dr. Walter;3072;1633;2868;1598;5940;3231;DIE LINKE;Reiter, Michael;2296;1280;2102;1070;4398;2350;BP;Schupfner, Markus;4448;3628;3768;2289;8216;5917;ÖDP;Kriesche, Sven;841;1134;904;1119;1745;2253;PIRATEN;-;X;1347;299;1032;299;2379;DIE FRANKEN;-;X;X;X;X;X;X;AfD;Plenk, Markus;7713;X;6971;X;14684;X;LKR;-;X;X;33;X;33;X;mut;Teifel, Sabrina;444;X;430;X;874;X;Die Humanisten;-;X;X;61;X;61;X;Die PARTEI;-;X;X;310;X;310;X;Gesundheitsforschung;-;X;X;120;X;120;X;Tierschutzpartei;Reithmayer, Manfred;817;X;748;X;1565;X;V-Partei³;-;X;X;153;X;153;X;Sonstige 2013;-;X;767;X;784;X;1551;
131;Weilheim-Schongau;29.10.2018;11:27;128047;98840;77,2;+9,0;98838;85568;97769;83922;1069;1646;98839;85568;97441;84142;1398;1426;197677;171136;195210;168064;2467;3072;CSU;Kühn, Harald;CSU;Kühn, Harald;35040;41252;34988;43513;70028;84765;SPD;Streit, Dominik;6677;12145;7050;15782;13727;27927;FREIE WÄHLER;Enders, Susann;14940;7819;15556;6494;30496;14313;GRÜNE;Krahl, Andreas;18293;7185;17494;6050;35787;13235;FDP;Zeil, Martin;4471;2379;3803;2357;8274;4736;DIE LINKE;Podlewski, Rolf-Werner;2240;1706;2439;1342;4679;3048;BP;Schropp, Regina;3182;5285;2662;3601;5844;8886;ÖDP;Winter, Dr. Maiken;3044;3927;2794;2964;5838;6891;PIRATEN;Pfuhl, Carsten;461;1516;374;1284;835;2800;DIE FRANKEN;-;X;X;X;X;X;X;AfD;Imgart, Rüdiger;8420;X;7951;X;16371;X;LKR;-;X;X;53;X;53;X;mut;Putzier, Heiner;489;X;502;X;991;X;Die Humanisten;-;X;X;101;X;101;X;Die PARTEI;-;X;X;357;X;357;X;Gesundheitsforschung;-;X;X;181;X;181;X;Tierschutzpartei;-;X;X;758;X;758;X;V-Partei³;Seewald, Maike;512;X;378;X;890;X;Sonstige 2013;-;X;708;X;755;X;1463;
201;Deggendorf;29.10.2018;11:27;91726;62472;68,1;+11,4;62469;51728;61747;51148;722;580;62472;51724;61770;50706;702;1018;124941;103452;123517;101854;1424;1598;CSU;Sibler, Bernd;CSU;Sibler, Bernd;29757;28623;23134;25908;52891;54531;SPD;Vilsmeier, Dr. Bernd;3093;6686;3699;6103;6792;12789;FREIE WÄHLER;Meiski, Dr. Georg;7477;6115;12744;8531;20221;14646;GRÜNE;Heilmann, Christian;5316;2344;5597;2554;10913;4898;FDP;Kooter, Kenneth;1684;1343;2492;1790;4176;3133;DIE LINKE;Reddies, Wolfgang;1142;1059;1317;1283;2459;2342;BP;Pfeffer, Thomas;2108;1232;1689;1021;3797;2253;ÖDP;Kerschl, Christian;770;1307;927;1204;1697;2511;PIRATEN;Filakovic, Mario;238;892;26;768;264;1660;DIE FRANKEN;-;X;X;X;X;X;X;AfD;Ebner-Steiner, Katrin;9850;X;9420;X;19270;X;LKR;-;X;X;X;X;X;X;mut;-;X;X;163;X;163;X;Die Humanisten;-;X;X;X;X;X;X;Die PARTEI;-;X;X;X;X;X;X;Gesundheitsforschung;-;X;X;X;X;X;X;Tierschutzpartei;-;X;X;533;X;533;X;V-Partei³;Kiermaier, Johann;312;X;29;X;341;X;Sonstige 2013;-;X;1547;X;1544;X;3091;
202;Dingolfing;29.10.2018;11:27;112960;79455;70,3;+8,9;79452;68867;78367;67982;1085;885;79455;68871;78740;67683;715;1188;158907;137738;157107;135665;1800;2073;CSU;Loibl, Dr. Petra;CSU;Loibl, Dr. Petra;30903;32654;28652;32258;59555;64912;SPD;Huber, Florian;4943;9686;5204;9827;10147;19513;FREIE WÄHLER;Widmann, Jutta;14018;10029;16427;11307;30445;21336;GRÜNE;Schönberger, Marlene;8089;3434;7762;3921;15851;7355;FDP;Altinger, Marco Thomas;2894;3097;2938;2334;5832;5431;DIE LINKE;Freinecker, Aleksandra;1634;1238;1570;1211;3204;2449;BP;Müller, Hans-Jürgen;2583;2839;2226;2313;4809;5152;ÖDP;Seufzger, Klaus;2092;2246;1809;1759;3901;4005;PIRATEN;-;X;962;340;1012;340;1974;DIE FRANKEN;-;X;X;X;X;X;X;AfD;Seidl, Josef;11211;X;10439;X;21650;X;LKR;-;X;X;X;X;X;X;mut;-;X;X;498;X;498;X;Die Humanisten;-;X;X;X;X;X;X;Die PARTEI;-;X;X;X;X;X;X;Gesundheitsforschung;-;X;X;X;X;X;X;Tierschutzpartei;-;X;X;741;X;741;X;V-Partei³;-;X;X;134;X;134;X;Sonstige 2013;-;X;1797;X;1741;X;3538;
203;Kelheim;29.10.2018;11:27;88212;62195;70,5;+7,8;62195;54516;61636;54091;559;425;62193;54516;61503;53534;690;982;124388;109032;123139;107625;1249;1407;CSU;Högl, Petra;CSU;Högl, Petra;21849;28882;19640;24296;41489;53178;SPD;Unfried, Harald;3489;9748;4343;8256;7832;18004;FREIE WÄHLER;Faltermeier, Dr. Hubert;14691;4720;15558;9076;30249;13796;GRÜNE;Stephan, Daniel;6475;2848;7070;3783;13545;6631;FDP;Curtis, Jake;2106;1651;2017;2270;4123;3921;DIE LINKE;Kalkkuhl, Mirco;1344;804;1217;756;2561;1560;BP;Zirngibl, Fritz;2291;2070;1954;1907;4245;3977;ÖDP;Rottengruber, Anne;1699;1724;1465;1493;3164;3217;PIRATEN;-;X;849;252;813;252;1662;DIE FRANKEN;-;X;X;X;X;X;X;AfD;Gebhardt, Peter A.;7169;X;7009;X;14178;X;LKR;-;X;X;X;X;X;X;mut;Helmich, Fabian;523;X;420;X;943;X;Die Humanisten;-;X;X;X;X;X;X;Die PARTEI;-;X;X;X;X;X;X;Gesundheitsforschung;-;X;X;X;X;X;X;Tierschutzpartei;-;X;X;428;X;428;X;V-Partei³;-;X;X;130;X;130;X;Sonstige 2013;-;X;795;X;884;X;1679;
204;Landshut;29.10.2018;11:27;125467;90519;72,1;+9,0;90517;77608;89763;76746;754;862;90517;77608;89563;76331;954;1277;181034;155216;179326;153077;1708;2139;CSU;Radlmeier, Helmut;CSU;Radlmeier, Helmut;24928;32364;26668;34824;51596;67188;SPD;Müller, Ruth;6376;10483;5751;9705;12127;20188;FREIE WÄHLER;Aiwanger, Hubert;22396;15533;19879;14375;42275;29908;GRÜNE;Steinberger, Rosi;13510;7028;13936;7137;27446;14165;FDP;Hoffmann, Norbert;5027;3231;5019;2423;10046;5654;DIE LINKE;Hemmann, Stefan;2219;1234;2165;1264;4384;2498;BP;Neuhauser, Robert;2189;2560;2235;2584;4424;5144;ÖDP;Vogel, Marie-Sophie;1289;1936;1605;1764;2894;3700;PIRATEN;-;X;1328;442;1278;442;2606;DIE FRANKEN;-;X;X;X;X;X;X;AfD;Straßberger, Günter;9909;X;9812;X;19721;X;LKR;-;X;X;X;X;X;X;mut;Geisel, Maximilian;910;X;884;X;1794;X;Die Humanisten;-;X;X;X;X;X;X;Die PARTEI;-;X;X;X;X;X;X;Gesundheitsforschung;-;X;X;X;X;X;X;Tierschutzpartei;Seidemann, Bernd Joseph;1010;X;950;X;1960;X;V-Partei³;-;X;X;217;X;217;X;Sonstige 2013;-;X;1049;X;977;X;2026;
205;Passau-Ost;29.10.2018;11:27;118007;81232;68,8;+11,9;81231;66686;80235;66014;996;672;81232;66685;80556;65770;676;915;162463;133371;160791;131784;1672;1587;CSU;Waschler, Dr. Gerhard;CSU;Waschler, Dr. Gerhard;29557;30785;28370;31720;57927;62505;SPD;Flisek, Christian;8091;12582;5172;8456;13263;21038;FREIE WÄHLER;Toso, Roswitha;8995;5935;11896;10073;20891;16008;GRÜNE;Weigl, Matthias;8444;4008;9625;4878;18069;8886;FDP;Dittlmann, Andreas;4717;3098;5717;2045;10434;5143;DIE LINKE;Ilsanker, Josef;2407;1567;2094;1472;4501;3039;BP;Maier, Franz;3953;3552;2601;2361;6554;5913;ÖDP;Becker, Agnes;2661;2014;3012;2374;5673;4388;PIRATEN;-;X;1175;266;1300;266;2475;DIE FRANKEN;-;X;X;X;X;X;X;AfD;Stadler, Ralf;11410;X;10872;X;22282;X;LKR;-;X;X;X;X;X;X;mut;-;X;X;162;X;162;X;Die Humanisten;-;X;X;X;X;X;X;Die PARTEI;-;X;X;X;X;X;X;Gesundheitsforschung;-;X;X;X;X;X;X;Tierschutzpartei;-;X;X;622;X;622;X;V-Partei³;-;X;X;147;X;147;X;Sonstige 2013;-;X;1298;X;1091;X;2389;
206;Passau-West;29.10.2018;11:27;91205;61955;67,9;+9,9;61955;52479;61147;51853;808;626;61954;52479;61450;51635;504;844;123909;104958;122597;103488;1312;1470;CSU;Taubeneder, Walter;CSU;Taubeneder, Walter;25765;28497;24533;27754;50298;56251;SPD;Mayerhofer, Sabine;4608;8366;4454;8643;9062;17009;FREIE WÄHLER;Lindinger, Christian;7997;4677;10020;5874;18017;10551;GRÜNE;Schuberl, Toni;6230;3682;5794;2589;12024;6271;FDP;Illein, Bettina;2556;1532;2476;1772;5032;3304;DIE LINKE;Hagnauer, Johannes;1445;1016;1607;926;3052;1942;BP;Hafer, Kai-Uwe;1404;1112;1283;880;2687;1992;ÖDP;Dankesreiter, Walter;2416;1914;1690;1360;4106;3274;PIRATEN;-;X;X;204;799;204;799;DIE FRANKEN;-;X;X;X;X;X;X;AfD;Atzinger, Oskar;8726;X;8591;X;17317;X;LKR;-;X;X;X;X;X;X;mut;-;X;X;119;X;119;X;Die Humanisten;-;X;X;X;X;X;X;Die PARTEI;-;X;X;X;X;X;X;Gesundheitsforschung;-;X;X;X;X;X;X;Tierschutzpartei;-;X;X;576;X;576;X;V-Partei³;-;X;X;103;X;103;X;Sonstige 2013;-;X;1057;X;1038;X;2095;
207;Regen, Freyung-Grafenau;29.10.2018;11:27;104474;70504;67,5;+10,2;70502;60222;69841;59509;661;713;70504;60222;69734;58716;770;1506;141006;120444;139575;118225;1431;2219;CSU;Gibis, Max;CSU;Gibis, Max;26478;29455;26513;28133;52991;57588;SPD;Blöhm, Bettina;4012;8775;4681;7791;8693;16566;FREIE WÄHLER;Eibl, Manfred;10082;11748;12520;8622;22602;20370;GRÜNE;Schlüter, Jens;6899;1926;4945;3424;11844;5350;FDP;Muthmann, Alexander;5996;1704;4258;4136;10254;5840;DIE LINKE;Spielbauer, Johannes;1259;920;1316;992;2575;1912;BP;Schindlbeck, Manuel Georg;2550;1728;2470;1840;5020;3568;ÖDP;Köberl, Michael;965;1007;1016;1345;1981;2352;PIRATEN;-;X;891;204;1001;204;1892;DIE FRANKEN;-;X;X;X;X;X;X;AfD;Müller, Johann;11600;X;11013;X;22613;X;LKR;-;X;X;X;X;X;X;mut;-;X;X;140;X;140;X;Die Humanisten;-;X;X;X;X;X;X;Die PARTEI;-;X;X;X;X;X;X;Gesundheitsforschung;-;X;X;X;X;X;X;Tierschutzpartei;-;X;X;512;X;512;X;V-Partei³;-;X;X;146;X;146;X;Sonstige 2013;-;X;1355;X;1432;X;2787;
208;Rottal-Inn;29.10.2018;11:27;91910;64255;69,9;+10,9;64255;54235;63300;53695;955;540;64253;54234;63576;53168;677;1066;128508;108469;126876;106863;1632;1606;CSU;Wagle, Martin;CSU;Wagle, Martin;28023;31709;26836;29388;54859;61097;SPD;Kuby, Valentin;3148;6116;3303;5917;6451;12033;FREIE WÄHLER;Schießl, Werner;9312;4445;11019;6488;20331;10933;GRÜNE;Reiser, Günther;6672;3271;6068;3039;12740;6310;FDP;Heuwieser, Dominik;2414;1585;2326;1478;4740;3063;DIE LINKE;Freinecker, Johannes;1413;738;1342;730;2755;1468;BP;Maller, Anton;2283;1860;1675;1645;3958;3505;ÖDP;Weindl, Elisabeth;1984;2273;2548;2738;4532;5011;PIRATEN;-;X;693;206;732;206;1425;DIE FRANKEN;-;X;X;X;X;X;X;AfD;Hansbauer, Wolfgang;7511;X;7378;X;14889;X;LKR;-;X;X;X;X;X;X;mut;Feirer, Johann;540;X;358;X;898;X;Die Humanisten;-;X;X;X;X;X;X;Die PARTEI;-;X;X;X;X;X;X;Gesundheitsforschung;-;X;X;X;X;X;X;Tierschutzpartei;-;X;X;430;X;430;X;V-Partei³;-;X;X;87;X;87;X;Sonstige 2013;-;X;1005;X;1013;X;2018;
209;Straubing;29.10.2018;11:27;111564;78651;70,5;+8,7;78647;69071;77714;68338;933;733;78647;69070;77874;67867;773;1203;157294;138141;155588;136205;1706;1936;CSU;Zellmeier, Josef;CSU;Zellmeier, Josef;35798;36921;33352;38050;69150;74971;SPD;Sommerfeld, Dr. Olaf;3902;9089;3322;6826;7224;15915;FREIE WÄHLER;Beck, Tobias;10071;9441;14913;10635;24984;20076;GRÜNE;Niedermeier, Feride;7349;1783;6720;2557;14069;4340;FDP;Schmid, Josefa;3353;1962;2649;1838;6002;3800;DIE LINKE;Ringlstetter, Karl Heinz;1983;1255;1716;1058;3699;2313;BP;Geisenfelder, Florian;1935;1737;1520;1905;3455;3642;ÖDP;Suttner, Bernhard;2886;3532;2055;2098;4941;5630;PIRATEN;-;X;963;263;1086;263;2049;DIE FRANKEN;-;X;X;X;X;X;X;AfD;Kleinschwärzer, Manfred;10437;X;10519;X;20956;X;LKR;-;X;X;X;X;X;X;mut;-;X;X;171;X;171;X;Die Humanisten;-;X;X;X;X;X;X;Die PARTEI;-;X;X;X;X;X;X;Gesundheitsforschung;-;X;X;X;X;X;X;Tierschutzpartei;-;X;X;542;X;542;X;V-Partei³;-;X;X;132;X;132;X;Sonstige 2013;-;X;1655;X;1814;X;3469;
301;Amberg-Sulzbach;29.10.2018;11:27;114215;81738;71,6;+9,2;81734;72166;80543;70844;1191;1322;81732;72171;80922;70813;810;1358;163466;144337;161465;141657;2001;2680;CSU;Schwartz, Dr. Harald;CSU;Schwartz, Dr. Harald;30879;33280;31982;33497;62861;66777;SPD;Bergmann, Uwe;11084;17448;10421;17336;21505;34784;FREIE WÄHLER;Sitter, Alexandra;11021;6799;8831;6910;19852;13709;GRÜNE;Ebenburger, Dr. Klaus;8843;3820;9794;3479;18637;7299;FDP;Hochholdinger, Markus;2808;1352;2848;1477;5656;2829;DIE LINKE;Berndt, Wolfgang;2722;1687;2326;1423;5048;3110;BP;Mrozek, Markus;1925;1569;1790;1341;3715;2910;ÖDP;Mrasek, Klaus;1887;2021;1825;2667;3712;4688;PIRATEN;-;X;1533;361;1401;361;2934;DIE FRANKEN;-;X;X;X;X;X;X;AfD;Marino, Claudia;9374;X;9580;X;18954;X;LKR;-;X;X;X;X;X;X;mut;-;X;X;205;X;205;X;Die Humanisten;-;X;X;X;X;X;X;Die PARTEI;-;X;X;623;X;623;X;Gesundheitsforschung;-;X;X;164;X;164;X;Tierschutzpartei;-;X;X;X;X;X;X;V-Partei³;-;X;X;172;X;172;X;Sonstige 2013;-;X;1335;X;1282;X;2617;
302;Cham;29.10.2018;11:27;101900;72218;70,9;+9,7;72218;62353;71351;61115;867;1238;72217;62353;71227;60969;990;1384;144435;124706;142578;122084;1857;2622;CSU;Hopp, Dr. Gerhard;CSU;Hopp, Dr. Gerhard;31438;29780;28051;35047;59489;64827;SPD;Kopp, Franz;3820;7636;3702;6897;7522;14533;FREIE WÄHLER;Riedl, Robert;12204;15621;14626;10589;26830;26210;GRÜNE;Doblinger, Michael;5179;1814;5935;2178;11114;3992;FDP;Stuiber, Alfred;2638;923;2060;709;4698;1632;DIE LINKE;Brey, Marius Josef;1618;896;1378;855;2996;1751;BP;Schweikl, Alexander;1829;1510;2168;1957;3997;3467;ÖDP;Meissner, Ruth;773;1107;914;947;1687;2054;PIRATEN;-;X;882;220;816;220;1698;DIE FRANKEN;-;X;X;X;X;X;X;AfD;Lankes, Josef;11616;X;11279;X;22895;X;LKR;-;X;X;X;X;X;X;mut;-;X;X;209;X;209;X;Die Humanisten;-;X;X;X;X;X;X;Die PARTEI;-;X;X;379;X;379;X;Gesundheitsforschung;-;X;X;90;X;90;X;Tierschutzpartei;-;X;X;X;X;X;X;V-Partei³;Pedanova, Andrea;236;X;216;X;452;X;Sonstige 2013;-;X;946;X;974;X;1920;
303;Neumarkt i.d.OPf.;29.10.2018;11:27;101202;77224;76,3;+8,0;77222;67687;76579;66764;643;923;77223;67686;76153;66349;1070;1337;154445;135373;152732;133113;1713;2260;CSU;Füracker, Albert;CSU;Füracker, Albert;38538;37821;33606;37241;72144;75062;SPD;Madeisky, Andre;4617;9463;4719;8328;9336;17791;FREIE WÄHLER;Penkala, Matthias;9776;7888;10939;9023;20715;16911;GRÜNE;Hauff, Siegfried;8725;4347;10277;4499;19002;8846;FDP;Gründer, Nils;2268;1101;2708;1175;4976;2276;DIE LINKE;Emmerling, Tobias;2009;1248;1983;1026;3992;2274;BP;Koll-Pfeifer, Alexander;1482;1013;1331;1185;2813;2198;ÖDP;Neumeyer, Joseph;1241;1213;1256;1319;2497;2532;PIRATEN;-;X;1572;370;1369;370;2941;DIE FRANKEN;-;X;X;X;X;X;X;AfD;Meier, Werner;7624;X;7895;X;15519;X;LKR;-;X;X;X;X;X;X;mut;-;X;X;174;X;174;X;Die Humanisten;-;X;X;X;X;X;X;Die PARTEI;-;X;X;568;X;568;X;Gesundheitsforschung;Kellner, Christine;299;X;146;X;445;X;Tierschutzpartei;-;X;X;X;X;X;X;V-Partei³;-;X;X;181;X;181;X;Sonstige 2013;-;X;1098;X;1184;X;2282;
304;Regensburg-Land;29.10.2018;11:27;125113;94136;75,2;+9,5;94132;81421;93359;80409;773;1012;94126;81422;93318;80004;808;1418;188258;162843;186677;160413;1581;2430;CSU;Stierstorfer, Sylvia;CSU;Stierstorfer, Sylvia;36647;39773;37076;41029;73723;80802;SPD;Jobst, Matthias;6321;11838;6834;13559;13155;25397;FREIE WÄHLER;Gotthardt, Tobias;17457;14825;15730;9521;33187;24346;GRÜNE;Stadler, Josef;11536;4175;11654;5299;23190;9474;FDP;Lederer, Ingo;3270;1337;2988;1644;6258;2981;DIE LINKE;Maxim, Ursula;2327;1252;2064;1270;4391;2522;BP;Smolevska, Natalie;1742;1932;2062;2004;3804;3936;ÖDP;Mauch, Dr. Thomas;1810;2455;1608;2413;3418;4868;PIRATEN;-;X;1314;390;1455;390;2769;DIE FRANKEN;-;X;X;X;X;X;X;AfD;Arnold, Dieter;11549;X;11693;X;23242;X;LKR;-;X;X;X;X;X;X;mut;Geiger, Alexandra;438;X;374;X;812;X;Die Humanisten;-;X;X;X;X;X;X;Die PARTEI;-;X;X;483;X;483;X;Gesundheitsforschung;-;X;X;129;X;129;X;Tierschutzpartei;-;X;X;X;X;X;X;V-Partei³;Knauer, Beate;262;X;233;X;495;X;Sonstige 2013;-;X;1508;X;1810;X;3318;
305;Regensburg-Stadt;29.10.2018;11:27;127155;91304;71,8;+10,5;91275;76176;90675;75297;600;879;91288;76183;90566;75024;722;1159;182563;152359;181241;150321;1322;2038;CSU;Rieger, Dr. Franz;CSU;Rieger, Dr. Franz;25614;31979;27806;31546;53420;63525;SPD;Wild, Margit;9803;17777;8332;15492;18135;33269;FREIE WÄHLER;Radler, Kerstin;9842;6529;9055;8177;18897;14706;GRÜNE;Mistol, Jürgen;22494;8376;21568;8546;44062;16922;FDP;Vo, Huu Loi;4549;2230;4820;2334;9369;4564;DIE LINKE;Spieß, Richard;4502;2042;4556;1928;9058;3970;BP;Suttner, Werner;1146;1219;1096;1259;2242;2478;ÖDP;Suttner, Benedikt;2086;2421;1949;2670;4035;5091;PIRATEN;Kramm, Andreas;657;1856;673;2208;1330;4064;DIE FRANKEN;-;X;X;X;X;X;X;AfD;Nolte, Benjamin;8523;X;8677;X;17200;X;LKR;-;X;X;X;X;X;X;mut;Zimmermann, Prof. Hansjoerg;553;X;770;X;1323;X;Die Humanisten;-;X;X;X;X;X;X;Die PARTEI;Frank, Ingo;906;X;852;X;1758;X;Gesundheitsforschung;-;X;X;146;X;146;X;Tierschutzpartei;-;X;X;X;X;X;X;V-Partei³;-;X;X;266;X;266;X;Sonstige 2013;-;X;868;X;864;X;1732;
306;Schwandorf;29.10.2018;11:27;114338;81495;71,3;+9,4;81494;70654;80553;69421;941;1233;81494;70657;80560;69323;934;1334;162988;141311;161113;138744;1875;2567;CSU;Flierl, Alexander;CSU;Flierl, Alexander;30621;30600;32141;36958;62762;67558;SPD;Wein, Peter;9353;17752;8365;14239;17718;31991;FREIE WÄHLER;Hanisch, Joachim;13197;8429;10663;6450;23860;14879;GRÜNE;Quaas, Benjamin;6355;2340;7493;3124;13848;5464;FDP;Grahn, Wolf-Dieter;2451;774;2225;984;4676;1758;DIE LINKE;Kappl, Eva;2472;1205;2138;1216;4610;2421;BP;Weber, Alexander;2066;2349;2036;1895;4102;4244;ÖDP;Damm, Alfred;1915;3468;2014;1771;3929;5239;PIRATEN;Terbeznik, Klaus;382;1104;339;1313;721;2417;DIE FRANKEN;-;X;X;X;X;X;X;AfD;Mixl, Reinhard;11741;X;12154;X;23895;X;LKR;-;X;X;X;X;X;X;mut;-;X;X;231;X;231;X;Die Humanisten;-;X;X;X;X;X;X;Die PARTEI;-;X;X;412;X;412;X;Gesundheitsforschung;-;X;X;151;X;151;X;Tierschutzpartei;-;X;X;X;X;X;X;V-Partei³;-;X;X;198;X;198;X;Sonstige 2013;-;X;1400;X;1373;X;2773;
307;Tirschenreuth;29.10.2018;11:27;82056;61050;74,4;+7,6;61050;55990;60383;55143;667;847;61050;55990;60397;54968;653;1022;122100;111980;120780;110111;1320;1869;CSU;Reiß, Tobias;CSU;Reiß, Tobias;28618;30049;27479;30124;56097;60173;SPD;Deiml, Jutta;6033;10078;7746;11082;13779;21160;FREIE WÄHLER;Schmidt, Bernhard;8827;7040;7997;5964;16824;13004;GRÜNE;Toman, Anna;4987;2356;4896;2028;9883;4384;FDP;Heinrich, Reinhard;1544;553;1520;847;3064;1400;DIE LINKE;Weidner, Christian;1424;1005;1314;969;2738;1974;BP;Schmieder, Maximilian;1491;1252;1146;874;2637;2126;ÖDP;Kunz, Theresia;784;1015;569;951;1353;1966;PIRATEN;-;X;718;213;942;213;1660;DIE FRANKEN;-;X;X;X;X;X;X;AfD;Löw, Stefan;6675;X;6719;X;13394;X;LKR;-;X;X;X;X;X;X;mut;-;X;X;235;X;235;X;Die Humanisten;-;X;X;X;X;X;X;Die PARTEI;-;X;X;313;X;313;X;Gesundheitsforschung;-;X;X;119;X;119;X;Tierschutzpartei;-;X;X;X;X;X;X;V-Partei³;-;X;X;131;X;131;X;Sonstige 2013;-;X;1077;X;1187;X;2264;
308;Weiden i.d.OPf.;29.10.2018;11:27;85387;61235;71,7;+7,9;61228;55026;60533;54236;695;790;61233;55027;60463;53928;770;1099;122461;110053;120996;108164;1465;1889;CSU;Oetzinger, Dr. Stephan;CSU;Oetzinger, Dr. Stephan;24090;25503;24602;26490;48692;51993;SPD;Karl, Annette;8994;15266;7629;13924;16623;29190;FREIE WÄHLER;Meier, Karl;6273;3609;6270;4815;12543;8424;GRÜNE;Bergmann, Klaus;6042;2020;6426;2123;12468;4143;FDP;Skutella, Christoph;2879;1384;2348;1005;5227;2389;DIE LINKE;Zant, Ali Daniel;1728;1086;1692;1163;3420;2249;BP;Ringelmann, Petra;1041;1301;1318;1007;2359;2308;ÖDP;Kindl, Dr. Barbara;1204;1644;694;1061;1898;2705;PIRATEN;Stenzel, Tobias;354;1013;249;991;603;2004;DIE FRANKEN;-;X;X;X;X;X;X;AfD;Magerl, Roland;7928;X;8269;X;16197;X;LKR;-;X;X;X;X;X;X;mut;-;X;X;410;X;410;X;Die Humanisten;-;X;X;X;X;X;X;Die PARTEI;-;X;X;318;X;318;X;Gesundheitsforschung;-;X;X;127;X;127;X;Tierschutzpartei;-;X;X;X;X;X;X;V-Partei³;-;X;X;111;X;111;X;Sonstige 2013;-;X;1410;X;1349;X;2759;
401;Bamberg-Land;29.10.2018;11:27;85174;64248;75,4;+8,8;64248;56331;63838;55800;410;531;64248;56329;63681;55547;567;782;128496;112660;127519;111347;977;1313;CSU;Dremel, Holger;CSU;Dremel, Holger;29358;30878;31937;33330;61295;64208;SPD;Metzner, Uwe;4029;7990;3711;7496;7740;15486;FREIE WÄHLER;Scheer, Verena;6441;4210;5065;2994;11506;7204;GRÜNE;Lunz, Georg;8259;3770;7155;2960;15414;6730;FDP;Wünsche, Martin;2992;1191;2754;1070;5746;2261;DIE LINKE;Tränkenschuh, Andreas;1587;1092;1471;1009;3058;2101;BP;Sedlmeyer, Gunther;1108;981;932;834;2040;1815;ÖDP;Sieling, Tobias;834;529;549;607;1383;1136;PIRATEN;-;X;1047;399;1106;399;2153;DIE FRANKEN;-;X;2324;X;1591;X;3915;AfD;Köhler, Florian;9230;X;8593;X;17823;X;LKR;-;X;X;X;X;X;X;mut;-;X;X;217;X;217;X;Die Humanisten;-;X;X;X;X;X;X;Die PARTEI;-;X;X;559;X;559;X;Gesundheitsforschung;-;X;X;150;X;150;X;Tierschutzpartei;-;X;X;X;X;X;X;V-Partei³;-;X;X;189;X;189;X;Sonstige 2013;-;X;1788;X;2550;X;4338;
402;Bamberg-Stadt;29.10.2018;11:27;86057;60574;70,4;+10,1;60574;51245;60200;50739;374;506;60573;51244;59666;50150;907;1094;121147;102489;119866;100889;1281;1600;CSU;Huml, Melanie;CSU;Huml, Melanie;22948;24238;19247;22021;42195;46259;SPD;Kuntke, Heinz;5278;10255;5953;9020;11231;19275;FREIE WÄHLER;Schutty, Dietmar;3665;2160;5190;2060;8855;4220;GRÜNE;Sowa, Ursula;13038;5796;12650;8259;25688;14055;FDP;Pöhner, Martin;3067;1486;3519;1846;6586;3332;DIE LINKE;Lehmann, Paul;2582;1210;2519;1383;5101;2593;BP;Dotzler, Thomas;601;498;671;650;1272;1148;ÖDP;Büchner, Lucas;796;731;700;613;1496;1344;PIRATEN;-;X;1434;404;1377;404;2811;DIE FRANKEN;-;X;1545;X;1154;X;2699;AfD;Schiffers, Jan;7146;X;7333;X;14479;X;LKR;-;X;X;X;X;X;X;mut;Fischer, Iris;294;X;367;X;661;X;Die Humanisten;-;X;X;X;X;X;X;Die PARTEI;Roensch, Andreas;785;X;782;X;1567;X;Gesundheitsforschung;-;X;X;129;X;129;X;Tierschutzpartei;-;X;X;X;X;X;X;V-Partei³;-;X;X;202;X;202;X;Sonstige 2013;-;X;1386;X;1767;X;3153;
403;Bayreuth;29.10.2018;11:27;129423;91325;70,6;+8,0;91321;81482;90759;80791;562;691;91321;81483;90311;80016;1010;1467;182642;162965;181070;160807;1572;2158;CSU;Brendel-Fischer, Gudrun;CSU;Brendel-Fischer, Gudrun;37015;34480;37250;37164;74265;71644;SPD;Tasdelen, Halil;11787;18712;10772;19142;22559;37854;FREIE WÄHLER;Wiedemann, Florian;10804;8741;9321;7376;20125;16117;GRÜNE;Pargent, Tim;13023;6761;13722;5318;26745;12079;FDP;Funke-Barjak, Luisa;3859;4380;4929;3203;8788;7583;DIE LINKE;Sommerer, Sebastian;2454;1390;2492;1297;4946;2687;BP;Ehret, Alfred;679;390;619;572;1298;962;ÖDP;Koppe, Bernd;674;498;635;712;1309;1210;PIRATEN;-;X;1584;427;1533;427;3117;DIE FRANKEN;-;X;2473;X;2095;X;4568;AfD;Rausch, Thomas;8349;X;7943;X;16292;X;LKR;-;X;X;X;X;X;X;mut;Raithel, Christine;607;X;511;X;1118;X;Die Humanisten;-;X;X;X;X;X;X;Die PARTEI;Kreten, Julian;1010;X;1022;X;2032;X;Gesundheitsforschung;-;X;X;161;X;161;X;Tierschutzpartei;-;X;X;X;X;X;X;V-Partei³;Frederking, Reinhard;498;X;507;X;1005;X;Sonstige 2013;-;X;1382;X;1604;X;2986;
404;Coburg;29.10.2018;11:27;101197;69105;68,3;+7,0;69104;62998;68721;62459;383;539;69104;62998;68123;61424;981;1574;138208;125996;136844;123883;1364;2113;CSU;Mittag, Martin;CSU;Mittag, Martin;24795;26105;25836;27534;50631;53639;SPD;Busch, Michael;15334;16995;10430;17174;25764;34169;FREIE WÄHLER;Preißler, Maria;5467;6940;5836;3089;11303;10029;GRÜNE;Sinterhauf, Ina;9529;4654;10508;5127;20037;9781;FDP;Herbert, Dr. Ulrich;2804;1426;2923;1845;5727;3271;DIE LINKE;Bätz, Florian;2160;1527;2531;1585;4691;3112;BP;Suck, Frank;527;457;515;380;1042;837;ÖDP;Büchner, Thomas;1112;790;943;777;2055;1567;PIRATEN;-;X;1025;343;1095;343;2120;DIE FRANKEN;-;X;1316;X;1002;X;2318;AfD;Böhm, Martin;6993;X;6982;X;13975;X;LKR;-;X;X;X;X;X;X;mut;-;X;X;166;X;166;X;Die Humanisten;-;X;X;X;X;X;X;Die PARTEI;-;X;X;775;X;775;X;Gesundheitsforschung;-;X;X;165;X;165;X;Tierschutzpartei;-;X;X;X;X;X;X;V-Partei³;-;X;X;170;X;170;X;Sonstige 2013;-;X;1224;X;1816;X;3040;
405;Forchheim;29.10.2018;11:27;90087;69008;76,6;+7,8;69008;61474;68647;60981;361;493;69006;61475;68163;60361;843;1114;138014;122949;136810;121342;1204;1607;CSU;Hofmann, Michael;CSU;Hofmann, Michael;23588;22786;26656;26216;50244;49002;SPD;Karabag, Dr. Atila;4508;8934;4856;9686;9364;18620;FREIE WÄHLER;Glauber, Thorsten;17330;16088;10539;10062;27869;26150;GRÜNE;Huber, Emmerich;9763;5456;11526;5991;21289;11447;FDP;Körber, Sebastian;3324;1534;2999;1806;6323;3340;DIE LINKE;Pätzke, Wilfried;1836;1101;1889;1079;3725;2180;BP;Voß, Torsten;729;391;705;543;1434;934;ÖDP;Forster, Manuela;645;486;546;525;1191;1011;PIRATEN;-;X;1202;517;1164;517;2366;DIE FRANKEN;-;X;1685;X;1245;X;2930;AfD;Pflaum, Dominik;6924;X;6901;X;13825;X;LKR;-;X;X;X;X;X;X;mut;-;X;X;135;X;135;X;Die Humanisten;-;X;X;X;X;X;X;Die PARTEI;-;X;X;567;X;567;X;Gesundheitsforschung;-;X;X;123;X;123;X;Tierschutzpartei;-;X;X;X;X;X;X;V-Partei³;-;X;X;204;X;204;X;Sonstige 2013;-;X;1318;X;2044;X;3362;
406;Hof;29.10.2018;11:27;109952;75423;68,6;+7,3;75420;69597;74861;68677;559;920;75421;69595;74215;67715;1206;1880;150841;139192;149076;136392;1765;2800;CSU;König, Alexander;CSU;König, Alexander;27119;27447;29990;30791;57109;58238;SPD;Adelt, Klaus;19132;23108;12947;17340;32079;40448;FREIE WÄHLER;Grötsch, Hans Martin;5559;4545;7547;4897;13106;9442;GRÜNE;Brammer, Philipp;6209;3141;6901;4135;13110;7276;FDP;Senf, Peter;2891;1548;2528;1430;5419;2978;DIE LINKE;Frisch, Manuel;2140;1955;2070;1871;4210;3826;BP;Wagner, Jürgen;561;691;503;657;1064;1348;ÖDP;Schmidt, Stephan;378;663;372;488;750;1151;PIRATEN;Rödel, Michael;445;1336;694;1543;1139;2879;DIE FRANKEN;-;X;3011;X;2907;X;5918;AfD;Wüst, Prof.Dr. Michael;9290;X;9105;X;18395;X;LKR;-;X;X;X;X;X;X;mut;-;X;X;214;X;214;X;Die Humanisten;-;X;X;X;X;X;X;Die PARTEI;Hartmann, Andreas;751;X;804;X;1555;X;Gesundheitsforschung;Köhler, Werner;386;X;340;X;726;X;Tierschutzpartei;-;X;X;X;X;X;X;V-Partei³;-;X;X;200;X;200;X;Sonstige 2013;-;X;1232;X;1656;X;2888;
407;Kronach, Lichtenfels;29.10.2018;11:27;108950;75452;69,3;+6,5;75452;69993;74763;69063;689;930;75450;69994;73959;68061;1491;1933;150902;139987;148722;137124;2180;2863;CSU;Baumgärtner, Jürgen;CSU;Baumgärtner, Jürgen;32234;33323;33235;33399;65469;66722;SPD;Pohl, Dr. Ralf;10153;16685;10967;16978;21120;33663;FREIE WÄHLER;Zwingmann, Michael;8681;5966;7530;5292;16211;11258;GRÜNE;Memmel, Edith;7943;2730;6906;2937;14849;5667;FDP;Bischoff, Harald;2983;1375;2172;1301;5155;2676;DIE LINKE;Knoblach, Detlef;1812;1002;1962;1026;3774;2028;BP;Gerbig, Matthias;763;444;558;416;1321;860;ÖDP;Müller, Thomas;1335;1381;637;585;1972;1966;PIRATEN;Großrau, Peter;517;1349;522;1333;1039;2682;DIE FRANKEN;-;X;2047;X;1696;X;3743;AfD;Rauh, Detlef;8342;X;8278;X;16620;X;LKR;-;X;X;X;X;X;X;mut;-;X;X;185;X;185;X;Die Humanisten;-;X;X;X;X;X;X;Die PARTEI;-;X;X;601;X;601;X;Gesundheitsforschung;-;X;X;180;X;180;X;Tierschutzpartei;-;X;X;X;X;X;X;V-Partei³;-;X;X;226;X;226;X;Sonstige 2013;-;X;2761;X;3098;X;5859;
408;Wunsiedel, Kulmbach;29.10.2018;11:27;128258;89477;69,8;+7,3;89477;82692;88847;81846;630;846;89476;82690;88089;80930;1387;1760;178953;165382;176936;162776;2017;2606;CSU;Schöffel, Martin;CSU;Schöffel, Martin;33281;36583;36304;38088;69585;74671;SPD;Aures, Inge;17702;24991;12758;20803;30460;45794;FREIE WÄHLER;Ludwig, Rainer;11243;6428;9494;7241;20737;13669;GRÜNE;Kukla, Wilfried;8217;3775;9467;4396;17684;8171;FDP;Otte, Michael;3199;1799;3077;1821;6276;3620;DIE LINKE;Greim, Oswald;2259;1985;2388;1843;4647;3828;BP;Zeigler, Christiane;1201;467;743;526;1944;993;ÖDP;Englert, Reinhard;631;561;564;638;1195;1199;PIRATEN;-;X;1277;560;1656;560;2933;DIE FRANKEN;-;X;2244;X;1870;X;4114;AfD;Kögler, Gerd;10408;X;10422;X;20830;X;LKR;-;X;X;X;X;X;X;mut;Hüttner, Michaela;706;X;909;X;1615;X;Die Humanisten;-;X;X;X;X;X;X;Die PARTEI;-;X;X;888;X;888;X;Gesundheitsforschung;-;X;X;227;X;227;X;Tierschutzpartei;-;X;X;X;X;X;X;V-Partei³;-;X;X;288;X;288;X;Sonstige 2013;-;X;1736;X;2048;X;3784;
501;Nürnberg-Nord;29.10.2018;11:27;102676;73274;71,4;+10,0;73267;63292;72669;62194;598;1098;73253;63291;72634;62344;619;947;146520;126583;145303;124538;1217;2045;CSU;Regitz, Barbara;CSU;Regitz, Barbara;20177;21230;23258;22821;43435;44051;SPD;Tasdelen, Arif;11149;19288;9251;16924;20400;36212;FREIE WÄHLER;Dörfler, Jürgen;3217;3071;2684;2443;5901;5514;GRÜNE;Ganserer, Markus;18798;8435;18703;9200;37501;17635;FDP;Dunker, Dr. Jan;4504;2595;4062;2401;8566;4996;DIE LINKE;Fesli, Gizem;5215;2932;5753;3163;10968;6095;BP;Braungardt, Werner;212;696;141;349;353;1045;ÖDP;Stryz, Franz;848;811;855;838;1703;1649;PIRATEN;Körber, Hayo;681;2033;687;2105;1368;4138;DIE FRANKEN;Bartlitz, Dr. David;690;X;476;1094;1166;1094;AfD;Dörner, Dr. Wolfgang Marc;5953;X;5443;X;11396;X;LKR;-;X;X;X;X;X;X;mut;Deutschmann, Christine;243;X;274;X;517;X;Die Humanisten;-;X;X;X;X;X;X;Die PARTEI;Knapp, Jörg;721;X;694;X;1415;X;Gesundheitsforschung;-;X;X;71;X;71;X;Tierschutzpartei;-;X;X;X;X;X;X;V-Partei³;Garratt, Daniel;261;X;282;X;543;X;Sonstige 2013;-;X;1103;X;1006;X;2109;
502;Nürnberg-Ost;29.10.2018;11:27;97418;70915;72,8;+9,3;70909;61859;70354;60896;555;963;70907;61872;70176;61082;731;790;141816;123731;140530;121978;1286;1753;CSU;Söder, Dr. Markus;CSU;Söder, Dr. Markus;26769;23723;23426;24459;50195;48182;SPD;Gardill, Kerstin;9210;17698;9463;16494;18673;34192;FREIE WÄHLER;Kuhnert, Marion;3149;2498;3290;2633;6439;5131;GRÜNE;Hayn, Elmar;15366;6739;15811;7494;31177;14233;FDP;Neuner, Andreas;3301;2564;3844;2486;7145;5050;DIE LINKE;Halla, Uwe;4150;2187;4431;2222;8581;4409;BP;-;X;403;187;302;187;705;ÖDP;Hager, Ludwig;844;696;900;806;1744;1502;PIRATEN;Windisch, Matthias;796;1697;737;1763;1533;3460;DIE FRANKEN;Turinsky, Bianka;661;1724;707;1392;1368;3116;AfD;Wahner, Klaus;5558;X;6149;X;11707;X;LKR;-;X;X;X;X;X;X;mut;Bullmer, Andrea;246;X;228;X;474;X;Die Humanisten;-;X;X;X;X;X;X;Die PARTEI;-;X;X;659;X;659;X;Gesundheitsforschung;-;X;X;87;X;87;X;Tierschutzpartei;-;X;X;X;X;X;X;V-Partei³;Michalko, Simone;304;X;257;X;561;X;Sonstige 2013;-;X;967;X;1031;X;1998;
503;Nürnberg-Süd;29.10.2018;11:27;98241;67084;68,3;+8,0;67065;60498;66368;59323;697;1175;67071;60505;66326;59574;745;931;134136;121003;132694;118897;1442;2106;CSU;Freller, Karl;CSU;Freller, Karl;24957;24554;27141;25642;52098;50196;SPD;Arabackyj, Claudia;9462;18980;9732;17442;19194;36422;FREIE WÄHLER;Meier, Marco;3250;2791;3132;2550;6382;5341;GRÜNE;Weigand, Dr. Sabine;12362;4490;10606;5069;22968;9559;FDP;List, Bernd;2625;1163;2406;1541;5031;2704;DIE LINKE;Gerbig, Stefan;2913;1681;3014;1934;5927;3615;BP;Hoff, Peter;350;336;212;312;562;648;ÖDP;Anschütz, Hans;885;625;783;844;1668;1469;PIRATEN;Turnwald-Kurtz, Erich;615;1281;481;1283;1096;2564;DIE FRANKEN;Trutz, Paul;1064;1964;677;1560;1741;3524;AfD;Konrad, Peter;7609;X;7238;X;14847;X;LKR;-;X;X;X;X;X;X;mut;-;X;X;158;X;158;X;Die Humanisten;-;X;X;X;X;X;X;Die PARTEI;-;X;X;469;X;469;X;Gesundheitsforschung;-;X;X;77;X;77;X;Tierschutzpartei;-;X;X;X;X;X;X;V-Partei³;Maurer, Michaela;276;X;200;X;476;X;Sonstige 2013;-;X;1458;X;1397;X;2855;
504;Nürnberg-West;29.10.2018;11:27;92726;55530;59,9;+8,2;55523;49761;54897;48747;626;1014;55477;49774;54822;48892;655;882;111000;99535;109719;97639;1281;1896;CSU;Kohler, Jochen;CSU;Kohler, Jochen;18232;21068;20733;19559;38965;40627;SPD;Schuster, Stefan;9146;14673;7600;14214;16746;28887;FREIE WÄHLER;Schenkel, Alexander;2315;1546;1975;1723;4290;3269;GRÜNE;Osgyan, Verena;9187;3494;9273;4188;18460;7682;FDP;Sormaz, Ümit;2469;960;2191;1311;4660;2271;DIE LINKE;Pihan, Debora;4155;2073;3949;2534;8104;4607;BP;Bock, Irmtraud;277;312;190;329;467;641;ÖDP;Rechholz, Christian;545;506;510;594;1055;1100;PIRATEN;Betz, Florian;842;1517;623;1712;1465;3229;DIE FRANKEN;Reinwald, Ulrich;757;1325;553;1391;1310;2716;AfD;Vogler, Matthias;6684;X;6191;X;12875;X;LKR;-;X;X;X;X;X;X;mut;-;X;X;165;X;165;X;Die Humanisten;-;X;X;X;X;X;X;Die PARTEI;-;X;X;605;X;605;X;Gesundheitsforschung;-;X;X;66;X;66;X;Tierschutzpartei;-;X;X;X;X;X;X;V-Partei³;Näser, Melanie;288;X;198;X;486;X;Sonstige 2013;-;X;1273;X;1337;X;2610;
505;Ansbach-Nord;29.10.2018;11:27;116901;80809;69,1;+7,8;80807;71799;80264;70848;543;951;80809;71798;80020;70570;789;1228;161616;143597;160284;141418;1332;2179;CSU;Schalk, Andreas;CSU;Schalk, Andreas;27191;28460;33650;32563;60841;61023;SPD;Ringler, Norbert;6193;13247;6743;13770;12936;27017;FREIE WÄHLER;Bauer, Dr. Peter;11391;7827;8478;6469;19869;14296;GRÜNE;Stümpfig, Martin;16252;9967;12281;6730;28533;16697;FDP;Hanel, Alexander;3058;2116;2545;1932;5603;4048;DIE LINKE;Beuckert, Michael;3349;1733;3649;1935;6998;3668;BP;Rinke, Klaus-Peter;512;450;384;709;896;1159;ÖDP;Brendle-Behnisch, Günther;1451;1942;1497;1882;2948;3824;PIRATEN;Reitmaier, Peter;626;1357;519;1317;1145;2674;DIE FRANKEN;Wagner, Klaus;1405;2162;869;1693;2274;3855;AfD;Meier, Johannes;8569;X;8310;X;16879;X;LKR;-;X;X;X;X;X;X;mut;-;X;X;254;X;254;X;Die Humanisten;-;X;X;X;X;X;X;Die PARTEI;-;X;X;525;X;525;X;Gesundheitsforschung;-;X;X;99;X;99;X;Tierschutzpartei;-;X;X;X;X;X;X;V-Partei³;Sibai, Amina;267;X;217;X;484;X;Sonstige 2013;-;X;1587;X;1570;X;3157;
506;Ansbach-Süd, Weißenburg-Gunzenhausen;29.10.2018;11:27;125838;88638;70,4;+8,1;88523;78487;87875;77284;648;1203;88523;78546;87568;77002;955;1544;177046;157033;175443;154286;1603;2747;CSU;Westphal, Manuel;CSU;Westphal, Manuel;38239;37860;39713;39086;77952;76946;SPD;Dösel, Harald;7894;15289;6569;13369;14463;28658;FREIE WÄHLER;Hauber, Wolfgang;11898;7823;10877;7411;22775;15234;GRÜNE;Kucher, Winfried;12036;5134;13233;6875;25269;12009;FDP;Bartram, Gabriele;2439;1894;2311;1911;4750;3805;DIE LINKE;Rettlinger, Heinz;2685;1533;2444;1835;5129;3368;BP;Weigl, Michaela;637;781;459;624;1096;1405;ÖDP;Ebert, Reinhard;1408;1684;1294;1534;2702;3218;PIRATEN;Wanger, Markus;859;1650;657;1458;1516;3108;DIE FRANKEN;Bloos, Werner;975;1891;754;1348;1729;3239;AfD;Lang, Siegfried;8465;X;8214;X;16679;X;LKR;-;X;X;X;X;X;X;mut;-;X;X;241;X;241;X;Die Humanisten;-;X;X;X;X;X;X;Die PARTEI;-;X;X;492;X;492;X;Gesundheitsforschung;-;X;X;97;X;97;X;Tierschutzpartei;-;X;X;X;X;X;X;V-Partei³;Moshammer, Daniel;340;X;213;X;553;X;Sonstige 2013;-;X;1745;X;1551;X;3296;
507;Erlangen-Höchstadt;29.10.2018;11:27;93197;71503;76,7;+7,8;71499;63701;71111;62838;388;863;71498;63701;70914;62803;584;898;142997;127402;142025;125641;972;1761;CSU;Nussel, Walter;CSU;Nussel, Walter;24915;25811;28515;29821;53430;55632;SPD;Hiersemann, Alexandra;9327;15103;6716;12839;16043;27942;FREIE WÄHLER;Enz, Christian;8487;6868;7303;6219;15790;13087;GRÜNE;Marschall, Astrid;13371;5496;13622;5769;26993;11265;FDP;Ekrem, Boulent;2985;2599;3126;2003;6111;4602;DIE LINKE;Eitel, Lukas;2353;1623;2310;1641;4663;3264;BP;Kral, Manfred;506;734;298;428;804;1162;ÖDP;Reinhart, Manfred;908;693;712;672;1620;1365;PIRATEN;Radojevic, Daniel;547;1362;465;1233;1012;2595;DIE FRANKEN;Ackermann, Carola;1009;1684;682;1305;1691;2989;AfD;Meister, Michael;6703;X;6337;X;13040;X;LKR;-;X;X;X;X;X;X;mut;-;X;X;148;X;148;X;Die Humanisten;-;X;X;X;X;X;X;Die PARTEI;-;X;X;455;X;455;X;Gesundheitsforschung;-;X;X;84;X;84;X;Tierschutzpartei;-;X;X;X;X;X;X;V-Partei³;-;X;X;141;X;141;X;Sonstige 2013;-;X;865;X;873;X;1738;
508;Erlangen-Stadt;29.10.2018;11:27;86334;65349;75,7;+8,5;65340;57984;64968;57415;372;569;65341;57991;64706;57291;635;700;130681;115975;129674;114706;1007;1269;CSU;Herrmann, Joachim;CSU;Herrmann, Joachim;21087;23079;19413;21605;40500;44684;SPD;Dees, Dr. Philipp;7834;14243;8205;14499;16039;28742;FREIE WÄHLER;Moll, Dr. Gunther;4226;3589;3927;3168;8153;6757;GRÜNE;Zwanziger, Christian;16990;8587;17353;8465;34343;17052;FDP;Fischbach, Matthias;3767;1918;4030;2911;7797;4829;DIE LINKE;Salzbrunn, Anton;3503;1739;3672;2126;7175;3865;BP;Bogacki, Rafael;227;267;144;259;371;526;ÖDP;Höppel, Frank;1610;962;1507;1207;3117;2169;PIRATEN;Purzner, Jürgen;819;1488;667;1641;1486;3129;DIE FRANKEN;Sommerkorn, Klaus;489;1036;451;870;940;1906;AfD;Jentzsch, René;4228;X;4382;X;8610;X;LKR;-;X;X;X;X;X;X;mut;Turetschek, Herbert;188;X;190;X;378;X;Die Humanisten;-;X;X;X;X;X;X;Die PARTEI;-;X;X;501;X;501;X;Gesundheitsforschung;-;X;X;91;X;91;X;Tierschutzpartei;-;X;X;X;X;X;X;V-Partei³;-;X;X;173;X;173;X;Sonstige 2013;-;X;507;X;540;X;1047;
509;Fürth;29.10.2018;11:27;130725;89054;68,1;+7,9;89051;78082;88399;76862;652;1220;89050;77907;88271;76974;779;933;178101;155989;176670;153836;1431;2153;CSU;Guttenberger, Petra;CSU;Guttenberger, Petra;28044;29545;31325;31126;59369;60671;SPD;Arnold, Horst;13577;21894;11919;21196;25496;43090;FREIE WÄHLER;Beck, Stephan;5786;4587;5008;3628;10794;8215;GRÜNE;Fuchs, Barbara;18066;7626;17700;8085;35766;15711;FDP;Eichmann, Stephan;4307;2317;4127;2658;8434;4975;DIE LINKE;Haupt, Niklas;5704;3322;5232;3254;10936;6576;BP;Brendecke, Fatimah;393;739;356;496;749;1235;ÖDP;Malowaniec, Dr. Krzysztof;675;801;686;842;1361;1643;PIRATEN;Vogel, Hilmar;1071;2527;771;2304;1842;4831;DIE FRANKEN;Wagner, Martin;950;1809;677;1779;1627;3588;AfD;Pleyer, Claus-Georg;9455;X;8993;X;18448;X;LKR;-;X;X;X;X;X;X;mut;-;X;X;213;X;213;X;Die Humanisten;-;X;X;X;X;X;X;Die PARTEI;-;X;X;856;X;856;X;Gesundheitsforschung;-;X;X;119;X;119;X;Tierschutzpartei;-;X;X;X;X;X;X;V-Partei³;Erler, Marie Alin;371;X;289;X;660;X;Sonstige 2013;-;X;1695;X;1606;X;3301;
510;Neustadt a.d.Aisch-Bad Windsheim, Fürth-Land;29.10.2018;11:27;124520;92462;74,3;+7,6;92459;82237;91913;81263;546;974;92453;82232;91622;80793;831;1439;184912;164469;183535;162056;1377;2413;CSU;Herold, Hans;CSU;Herold, Hans;38167;40180;41500;40898;79667;81078;SPD;Scheuenstuhl, Harry;11311;17781;8600;15810;19911;33591;FREIE WÄHLER;Schmidt, Gabi;11733;6761;8810;5858;20543;12619;GRÜNE;Höftmann, André;12133;5695;13780;7123;25913;12818;FDP;Fleischer, Franz;2884;1776;3172;1809;6056;3585;DIE LINKE;Förster, Henry;2913;1711;3308;1934;6221;3645;BP;Brendecke, Michael;613;708;433;704;1046;1412;ÖDP;Osterlänger, Jürgen;1285;1712;1071;1506;2356;3218;PIRATEN;Warsinke, Stefan;689;1453;558;1613;1247;3066;DIE FRANKEN;Kistler, Karola;1098;1963;826;1933;1924;3896;AfD;Swoboda, Raimund;8761;X;8353;X;17114;X;LKR;-;X;X;X;X;X;X;mut;-;X;X;208;X;208;X;Die Humanisten;-;X;X;X;X;X;X;Die PARTEI;-;X;X;635;X;635;X;Gesundheitsforschung;-;X;X;105;X;105;X;Tierschutzpartei;-;X;X;X;X;X;X;V-Partei³;Fischer, Michaela;326;X;263;X;589;X;Sonstige 2013;-;X;1523;X;1605;X;3128;
511;Nürnberger Land;29.10.2018;11:27;108649;82635;76,1;+7,6;82634;74343;82005;73325;629;1018;82634;74343;81916;73093;718;1250;165268;148686;163921;146418;1347;2268;CSU;Dünkel, Norbert;CSU;Dünkel, Norbert;30498;30303;34356;33424;64854;63727;SPD;Lipka, Andrea;11492;19001;9166;16764;20658;35765;FREIE WÄHLER;Feisthammel, Angelika;8284;8640;7782;7068;16066;15708;GRÜNE;Drechsler, Gabriele;13119;6647;13388;6885;26507;13532;FDP;Scharf, Luca;3002;1361;2704;1676;5706;3037;DIE LINKE;Wiedmann, René;3051;1501;2963;1617;6014;3118;BP;Häring, Martin;446;305;322;367;768;672;ÖDP;Spiegel, Norbert;753;714;669;885;1422;1599;PIRATEN;Ceglar, Michael;902;1363;704;1354;1606;2717;DIE FRANKEN;Brandl, Andreas;1253;2061;969;1595;2222;3656;AfD;Müller, Dr. Ralph;8433;X;7618;X;16051;X;LKR;-;X;X;X;X;X;X;mut;Philipp, Susanne;351;X;336;X;687;X;Die Humanisten;-;X;X;X;X;X;X;Die PARTEI;-;X;X;589;X;589;X;Gesundheitsforschung;-;X;X;101;X;101;X;Tierschutzpartei;-;X;X;X;X;X;X;V-Partei³;Dischner, Doris;421;X;249;X;670;X;Sonstige 2013;-;X;1429;X;1458;X;2887;
512;Roth;29.10.2018;11:27;97763;73692;75,4;+7,4;73688;65823;73183;64904;505;919;73692;65824;73090;64763;602;1061;147380;131647;146273;129667;1107;1980;CSU;Bauer, Volker;CSU;Bauer, Volker;27013;27304;32621;31035;59634;58339;SPD;Schneider, Marcel;8489;16506;6581;14692;15070;31198;FREIE WÄHLER;Schneider, Thomas;10986;8085;7771;6197;18757;14282;GRÜNE;Hofmann, Andreas;10519;4488;11257;4501;21776;8989;FDP;Stromberger, Stefan;2671;1336;2425;1758;5096;3094;DIE LINKE;Schwarz, Tino;1999;1307;2174;1399;4173;2706;BP;Mauderer, Josef;754;828;388;552;1142;1380;ÖDP;Wolkersdorfer, Roland;841;923;662;720;1503;1643;PIRATEN;Rank, Wolfgang;519;1242;513;1250;1032;2492;DIE FRANKEN;Gattenlöhner, Robert;931;1708;781;1575;1712;3283;AfD;Mang, Ferdinand;7349;X;6830;X;14179;X;LKR;-;X;X;X;X;X;X;mut;-;X;X;162;X;162;X;Die Humanisten;-;X;X;X;X;X;X;Die PARTEI;Volkert, Patrick;584;X;611;X;1195;X;Gesundheitsforschung;Beyerlein, Andrea;244;X;126;X;370;X;Tierschutzpartei;-;X;X;X;X;X;X;V-Partei³;Streck, Markus;284;X;188;X;472;X;Sonstige 2013;-;X;1177;X;1084;X;2261;
601;Aschaffenburg-Ost;29.10.2018;11:27;88618;64677;73,0;+9,1;64676;57170;64086;56319;590;851;64675;57168;63762;55844;913;1324;129351;114338;127848;112163;1503;2175;CSU;Gerlach, Judith;CSU;Gerlach, Judith;25766;29746;26520;28199;52286;57945;SPD;Fotokehagias, Michail;6013;11883;7996;11250;14009;23133;FREIE WÄHLER;Ries, Norbert;6438;3393;4130;3123;10568;6516;GRÜNE;Goll, Volker;10392;4590;10217;6622;20609;11212;FDP;Kaltenhauser, Dr. Helmut;4290;1500;3523;1806;7813;3306;DIE LINKE;Diekmann, Peter;1858;891;1711;884;3569;1775;BP;Rönninger, Karl-Heinz;453;672;519;686;972;1358;ÖDP;Peeters, Walther;583;624;577;512;1160;1136;PIRATEN;-;X;1164;258;1147;258;2311;DIE FRANKEN;Weber, Franz;345;964;337;591;682;1555;AfD;Junker, Klaus Uwe;6958;X;6638;X;13596;X;LKR;-;X;X;X;X;X;X;mut;-;X;X;102;X;102;X;Die Humanisten;-;X;X;X;X;X;X;Die PARTEI;Ritter, Markus;712;X;569;X;1281;X;Gesundheitsforschung;-;X;X;X;X;X;X;Tierschutzpartei;-;X;X;439;X;439;X;V-Partei³;Dietzler, Sabine;278;X;226;X;504;X;Sonstige 2013;-;X;892;X;1024;X;1916;
602;Aschaffenburg-West;29.10.2018;11:27;93388;62521;66,9;+8,4;62518;54998;61954;54181;564;817;62513;54997;61390;53353;1123;1644;125031;109995;123344;107534;1687;2461;CSU;Bausback, Prof.Dr. Winfried;CSU;Bausback, Prof.Dr. Winfried;23081;23227;22917;26086;45998;49313;SPD;Fehlner, Martina;9099;13097;6857;11263;15956;24360;FREIE WÄHLER;Fahn, Dr. Hans Jürgen;3311;2404;3676;2621;6987;5025;GRÜNE;Wagener, Stefan;11526;8350;11404;5998;22930;14348;FDP;Kolb, Peter;3838;2205;3798;2096;7636;4301;DIE LINKE;Schäffer, Tobias;2063;995;2418;1025;4481;2020;BP;Nix, Benjamin;435;947;432;797;867;1744;ÖDP;Lang, Rudolf;723;692;955;749;1678;1441;PIRATEN;-;X;1263;320;1339;320;2602;DIE FRANKEN;-;X;X;162;385;162;385;AfD;Sacher, Alfred;6745;X;7076;X;13821;X;LKR;-;X;X;X;X;X;X;mut;-;X;X;158;X;158;X;Die Humanisten;-;X;X;X;X;X;X;Die PARTEI;Portscher, Andreas;854;X;621;X;1475;X;Gesundheitsforschung;-;X;X;X;X;X;X;Tierschutzpartei;-;X;X;407;X;407;X;V-Partei³;Specht, Michael;279;X;189;X;468;X;Sonstige 2013;-;X;1001;X;994;X;1995;
603;Bad Kissingen;29.10.2018;11:27;98551;71249;72,3;+7,5;71249;64854;70687;63973;562;881;71245;64854;70335;63593;910;1261;142494;129708;141022;127566;1472;2142;CSU;Kirchner, Sandro;CSU;Kirchner, Sandro;34992;34809;35245;37700;70237;72509;SPD;Schaub, Norbert;5583;12227;5253;9513;10836;21740;FREIE WÄHLER;Kleren, Matthias;6661;5439;5615;4081;12276;9520;GRÜNE;Shah, Yatin;8151;3202;7885;3537;16036;6739;FDP;Hofstetter, Dr. Hans-Joachim;2961;2031;2464;1842;5425;3873;DIE LINKE;Hänsch, Christian;2720;2010;2380;1736;5100;3746;BP;Sadlo, Franz;611;893;566;444;1177;1337;ÖDP;Reinhard, Michaela;702;890;550;638;1252;1528;PIRATEN;-;X;1297;443;1180;443;2477;DIE FRANKEN;Thüngen Freifrau von, Christiane;944;X;1033;1693;1977;1693;AfD;Lippold-Eggen, Freia;7362;X;7432;X;14794;X;LKR;-;X;X;X;X;X;X;mut;-;X;X;408;X;408;X;Die Humanisten;-;X;X;X;X;X;X;Die PARTEI;-;X;X;364;X;364;X;Gesundheitsforschung;-;X;X;X;X;X;X;Tierschutzpartei;-;X;X;535;X;535;X;V-Partei³;-;X;X;162;X;162;X;Sonstige 2013;-;X;1175;X;1229;X;2404;
604;Haßberge, Rhön-Grabfeld;29.10.2018;11:27;116347;84707;72,8;+7,2;84707;76996;84051;76107;656;889;84707;76996;83683;75503;1024;1493;169414;153992;167734;151610;1680;2382;CSU;Vogel, Steffen;CSU;Vogel, Steffen;39420;39797;42451;43728;81871;83525;SPD;Eckert van, René;6323;12975;6471;11632;12794;24607;FREIE WÄHLER;Pittner, Gerald;9029;6504;5843;5979;14872;12483;GRÜNE;Reder-Zirkelbach, Birgit;10645;5030;9687;4524;20332;9554;FDP;Schenk Graf von Stauffenberg, Karl;3324;2209;3452;1428;6776;3637;DIE LINKE;Beck, Florian;3339;2244;2790;2103;6129;4347;BP;Hess, Oliver;853;781;834;664;1687;1445;ÖDP;Albert, Klemens;1162;1638;787;1175;1949;2813;PIRATEN;-;X;1517;334;1474;334;2991;DIE FRANKEN;Fischer, Horst;1408;2350;823;1641;2231;3991;AfD;Geßner, Patrick;8548;X;8552;X;17100;X;LKR;-;X;X;X;X;X;X;mut;-;X;X;417;X;417;X;Die Humanisten;-;X;X;X;X;X;X;Die PARTEI;-;X;X;486;X;486;X;Gesundheitsforschung;-;X;X;X;X;X;X;Tierschutzpartei;-;X;X;535;X;535;X;V-Partei³;-;X;X;221;X;221;X;Sonstige 2013;-;X;1062;X;1155;X;2217;
605;Kitzingen;29.10.2018;11:27;86670;63349;73,1;+7,9;63349;56567;62826;55833;523;734;63349;56561;62635;55414;714;1147;126698;113128;125461;111247;1237;1881;CSU;Becker, Barbara;CSU;Becker, Barbara;24454;28346;28436;30664;52890;59010;SPD;Kößler, Dr. Jürgen;5101;8929;4852;9004;9953;17933;FREIE WÄHLER;Stierhof, Frank;9913;8004;6809;5452;16722;13456;GRÜNE;Plate, Hans;9547;3458;8434;3407;17981;6865;FDP;Müller, Hans;2939;1387;2246;1106;5185;2493;DIE LINKE;Pfaff, Christine;1933;1404;1738;1177;3671;2581;BP;Hartmann, Uwe;1290;1202;1000;848;2290;2050;ÖDP;Paulus-Hildner, Silvia;703;998;606;908;1309;1906;PIRATEN;-;X;1251;270;1048;270;2299;DIE FRANKEN;-;X;X;328;791;328;791;AfD;Klingen, Christian;6328;X;6242;X;12570;X;LKR;-;X;X;X;X;X;X;mut;Riegler, Julia;618;X;536;X;1154;X;Die Humanisten;-;X;X;X;X;X;X;Die PARTEI;-;X;X;379;X;379;X;Gesundheitsforschung;-;X;X;X;X;X;X;Tierschutzpartei;-;X;X;624;X;624;X;V-Partei³;-;X;X;135;X;135;X;Sonstige 2013;-;X;854;X;1009;X;1863;
606;Main-Spessart;29.10.2018;11:27;99733;74035;74,2;+7,3;74035;67626;73394;66768;641;858;74035;67627;73149;66252;886;1375;148070;135253;146543;133020;1527;2233;CSU;Schwab, Thorsten;CSU;Schwab, Thorsten;28361;28784;32381;34561;60742;63345;SPD;Gottschalk, Sven;9274;12458;7345;11199;16619;23657;FREIE WÄHLER;Stolz, Anna;10358;11902;6741;7134;17099;19036;GRÜNE;Münch, Gregor;9376;5409;10901;4994;20277;10403;FDP;Sander, Peter;3137;1074;2786;1170;5923;2244;DIE LINKE;Häuslein, Stefan;1997;939;1837;1062;3834;2001;BP;Herberich, Matthias;591;713;502;617;1093;1330;ÖDP;Pröstler, Herbert;358;582;343;610;701;1192;PIRATEN;Lukas, Mirco;460;1482;366;1321;826;2803;DIE FRANKEN;Hubrich, Joachim;1261;2237;1240;2517;2501;4754;AfD;Schreck, Kurt;6751;X;6728;X;13479;X;LKR;-;X;X;X;X;X;X;mut;Lemmer, Thomas;206;X;347;X;553;X;Die Humanisten;-;X;X;X;X;X;X;Die PARTEI;-;X;X;458;X;458;X;Gesundheitsforschung;-;X;X;X;X;X;X;Tierschutzpartei;Sänger, Svenja;984;X;830;X;1814;X;V-Partei³;Großhans, Heinz;280;X;344;X;624;X;Sonstige 2013;-;X;1188;X;1067;X;2255;
607;Miltenberg;29.10.2018;11:27;95271;66744;70,1;+7,4;66744;60204;66181;59240;563;964;66743;60204;65786;58721;957;1483;133487;120408;131967;117961;1520;2447;CSU;Rüth, Berthold;CSU;Rüth, Berthold;25832;27445;26530;28609;52362;56054;SPD;Pischinger, Jörg;6761;11488;7312;10722;14073;22210;FREIE WÄHLER;Schötterl, Bernd;9120;7226;8089;7577;17209;14803;GRÜNE;Schneider, Joachim;9725;4099;8809;4611;18534;8710;FDP;Zimmermann, Frank;3431;3730;3479;1746;6910;5476;DIE LINKE;Liebl, Georg;2142;1304;1895;935;4037;2239;BP;Fieger, Christian;827;796;540;596;1367;1392;ÖDP;Winter, Wolfgang;726;1102;527;1277;1253;2379;PIRATEN;-;X;1115;277;1062;277;2177;DIE FRANKEN;-;X;X;228;568;228;568;AfD;Mahler, Daniela;6704;X;6696;X;13400;X;LKR;-;X;X;X;X;X;X;mut;-;X;X;131;X;131;X;Die Humanisten;-;X;X;X;X;X;X;Die PARTEI;Schnatz, Pascal;913;X;627;X;1540;X;Gesundheitsforschung;-;X;X;X;X;X;X;Tierschutzpartei;-;X;X;464;X;464;X;V-Partei³;-;X;X;182;X;182;X;Sonstige 2013;-;X;935;X;1018;X;1953;
608;Schweinfurt;29.10.2018;11:27;111113;76742;69,1;+7,1;76741;70038;76120;69092;621;946;76738;70025;75752;68671;986;1354;153479;140063;151872;137763;1607;2300;CSU;Eck, Gerhard;CSU;Eck, Gerhard;30212;33650;33132;36861;63344;70511;SPD;Petersen, Kathi;8396;15531;6996;12615;15392;28146;FREIE WÄHLER;Schneider, Dr. Ulrike;7491;5169;6194;4279;13685;9448;GRÜNE;Knoblach, Paul;11065;5563;10301;5484;21366;11047;FDP;Bock, Gunnar;2883;1605;2885;1667;5768;3272;DIE LINKE;Striesow, Robert;3358;2553;3275;2748;6633;5301;BP;Gilbert, Uta;895;1071;920;713;1815;1784;ÖDP;Bretscher, Stefan;604;704;469;606;1073;1310;PIRATEN;-;X;1186;325;1203;325;2389;DIE FRANKEN;Tartsch, Detlef;528;X;554;1145;1082;1145;AfD;Graupner, Richard;9619;X;8854;X;18473;X;LKR;-;X;X;X;X;X;X;mut;-;X;X;401;X;401;X;Die Humanisten;-;X;X;X;X;X;X;Die PARTEI;-;X;X;553;X;553;X;Gesundheitsforschung;-;X;X;X;X;X;X;Tierschutzpartei;Kraft, Jaqueline;815;X;639;X;1454;X;V-Partei³;Ortloff, Christian;254;X;254;X;508;X;Sonstige 2013;-;X;2060;X;1350;X;3410;
609;Würzburg-Land;29.10.2018;11:27;117914;91370;77,5;+6,9;91374;82818;90681;81911;693;907;91370;82816;90485;81577;885;1239;182744;165634;181166;163488;1578;2146;CSU;Ländner, Manfred;CSU;Ländner, Manfred;35045;39598;38648;42658;73693;82256;SPD;Halbleib, Volkmar;11025;19334;9255;16571;20280;35905;FREIE WÄHLER;Rützel, Thomas;8239;4474;7598;4447;15837;8921;GRÜNE;Celina, Kerstin;17569;7728;16300;7993;33869;15721;FDP;Kuhl, Wolfgang;4490;2270;4110;2046;8600;4316;DIE LINKE;Hansen, Kevin-Christopher;2653;1623;2503;1435;5156;3058;BP;Gilbert, Raimund;481;814;593;582;1074;1396;ÖDP;Welzenbach, Patricia;665;893;656;1003;1321;1896;PIRATEN;-;X;1750;415;1589;415;3339;DIE FRANKEN;Konrad, Dr. Herbert;1307;1732;829;1537;2136;3269;AfD;Gebhardt, Michael;7170;X;7201;X;14371;X;LKR;-;X;X;X;X;X;X;mut;Höfner, Julian;599;X;595;X;1194;X;Die Humanisten;-;X;X;X;X;X;X;Die PARTEI;-;X;X;633;X;633;X;Gesundheitsforschung;-;X;X;X;X;X;X;Tierschutzpartei;Bremer, Sabrina;1192;X;873;X;2065;X;V-Partei³;Schmitt, Bertram;246;X;276;X;522;X;Sonstige 2013;-;X;1695;X;1716;X;3411;
610;Würzburg-Stadt;29.10.2018;11:27;106343;74017;69,6;+9,2;74015;65214;73558;64636;457;578;74001;65215;73376;64316;625;899;148016;130429;146934;128952;1082;1477;GRÜNE;Friedl, Patrick;CSU;Jörg, Oliver;21510;25470;23193;27505;44703;52975;SPD;Rosenthal, Georg;8668;16287;7376;14423;16044;30710;FREIE WÄHLER;Dülk, Manfred;3818;3443;3397;2673;7215;6116;GRÜNE;Friedl, Patrick;22010;10388;21238;10010;43248;20398;FDP;Fischer, Wolfram;4855;2031;4949;2692;9804;4723;DIE LINKE;Timm, Martin, (Sukov, Leander);3554;1510;3811;1560;7365;3070;BP;Götz, Thorsten;436;507;303;375;739;882;ÖDP;Bodisco von, Wolf;616;1118;873;1146;1489;2264;PIRATEN;Kindermann, Michael;416;1947;484;2008;900;3955;DIE FRANKEN;-;X;1066;422;1000;422;2066;AfD;Peter, Martin;5123;X;5105;X;10228;X;LKR;-;X;X;X;X;X;X;mut;Matuschik, Matthias;639;X;433;X;1072;X;Die Humanisten;-;X;X;X;X;X;X;Die PARTEI;Kübert, Andrea;1014;X;937;X;1951;X;Gesundheitsforschung;-;X;X;X;X;X;X;Tierschutzpartei;Deckert, Katharina;708;X;662;X;1370;X;V-Partei³;Wolfram, Christine;191;X;193;X;384;X;Sonstige 2013;-;X;869;X;924;X;1793;
701;Augsburg-Stadt-Ost;29.10.2018;11:27;110590;71991;65,1;+9,2;71988;61651;71441;60862;547;789;71977;61647;70979;60423;998;1224;143965;123298;142420;121285;1545;2013;CSU;Jäckel, Andreas;CSU;Jäckel, Andreas;21976;24748;22300;25809;44276;50557;SPD;Heinrich, Margarete;7490;15980;7617;14918;15107;30898;FREIE WÄHLER;Wengenmeir, Johann;5416;3256;5216;3651;10632;6907;GRÜNE;Schuhknecht, Stephanie;17357;7090;16898;6551;34255;13641;FDP;Vugrin, Sascha;4075;2159;3968;2078;8043;4237;DIE LINKE;Zwiselsberger, Manuela;3844;2497;3635;2246;7479;4743;BP;Kellerer, Helmut;705;1216;686;1009;1391;2225;ÖDP;Pettinger, Christian;787;1088;716;978;1503;2066;PIRATEN;-;X;1757;399;1833;399;3590;DIE FRANKEN;-;X;X;X;X;X;X;AfD;Bayerbach, Markus;8156;X;7807;X;15963;X;LKR;-;X;X;32;X;32;X;mut;Clamroth, Benjamin;287;X;254;X;541;X;Die Humanisten;-;X;X;X;X;X;X;Die PARTEI;Viertel, Kai;907;X;956;X;1863;X;Gesundheitsforschung;-;X;X;X;X;X;X;Tierschutzpartei;-;X;X;X;X;X;X;V-Partei³;Rudolf, Heike;441;X;495;X;936;X;Sonstige 2013;-;X;1071;X;1350;X;2421;
702;Augsburg-Stadt-West;29.10.2018;11:27;109809;72486;66,0;+9,2;72479;61323;72000;60503;479;820;72468;61308;71502;60193;966;1115;144947;122631;143502;120696;1445;1935;CSU;Hintersberger, Johannes;CSU;Hintersberger, Johannes;24195;25805;22771;25443;46966;51248;SPD;Güller, Harald;7696;14951;8004;15620;15700;30571;FREIE WÄHLER;Stuber-Schneider, Regina;6204;4224;6413;3593;12617;7817;GRÜNE;Bozoglu, Cemal;15972;6285;15794;6636;31766;12921;FDP;Immler, Guido;3555;2144;3567;2120;7122;4264;DIE LINKE;Mayer, Andreas;3424;2075;3105;1975;6529;4050;BP;Eberhard, Harald;1006;1252;843;976;1849;2228;ÖDP;Link, Dr. Manfred Theodor;879;817;816;918;1695;1735;PIRATEN;-;X;1645;386;1424;386;3069;DIE FRANKEN;-;X;X;X;X;X;X;AfD;Jurca, Andreas;8282;X;8202;X;16484;X;LKR;-;X;X;34;X;34;X;mut;Jovy, Jörg;269;X;215;X;484;X;Die Humanisten;-;X;X;X;X;X;X;Die PARTEI;-;X;X;888;X;888;X;Gesundheitsforschung;-;X;X;X;X;X;X;Tierschutzpartei;-;X;X;X;X;X;X;V-Partei³;Harle, Konrad;518;X;464;X;982;X;Sonstige 2013;-;X;1305;X;1488;X;2793;
703;Aichach-Friedberg;29.10.2018;11:27;100366;77005;76,7;+9,9;77003;65702;76565;65093;438;609;77002;65702;76087;64444;915;1258;154005;131404;152652;129537;1353;1867;CSU;Tomaschko, Peter;CSU;Tomaschko, Peter;31895;34158;31689;35225;63584;69383;SPD;Strohmayr, Dr. Simone;5785;11505;5143;10542;10928;22047;FREIE WÄHLER;Hatzold, Johannes;8483;4458;9114;4186;17597;8644;GRÜNE;Haubrich, Christina;12247;4669;12002;4824;24249;9493;FDP;Faller, Karlheinz;3912;2340;3496;2019;7408;4359;DIE LINKE;Zwiselsberger, Andreas;1617;1064;1651;1117;3268;2181;BP;Eser, Gerhard;1710;2227;1617;2064;3327;4291;ÖDP;Posch, Maria;1403;1668;1243;1374;2646;3042;PIRATEN;-;X;1243;268;1121;268;2364;DIE FRANKEN;-;X;X;X;X;X;X;AfD;Settele, Josef;9093;X;8733;X;17826;X;LKR;-;X;X;14;X;14;X;mut;-;X;X;199;X;199;X;Die Humanisten;-;X;X;X;X;X;X;Die PARTEI;-;X;X;532;X;532;X;Gesundheitsforschung;-;X;X;X;X;X;X;Tierschutzpartei;-;X;X;X;X;X;X;V-Partei³;Liermann, Frank;420;X;386;X;806;X;Sonstige 2013;-;X;1761;X;1972;X;3733;
704;Augsburg-Land, Dillingen;29.10.2018;11:27;111143;78427;70,6;+8,2;78427;68379;77891;67475;536;904;78423;68364;77071;66479;1352;1885;156850;136743;154962;133954;1888;2789;CSU;Winter, Georg;CSU;Winter, Georg;31451;29118;28331;32755;59782;61873;SPD;Rief, Tobias;5013;11101;6046;10976;11059;22077;FREIE WÄHLER;Häusler, Johann;13999;10297;15419;8491;29418;18788;GRÜNE;Monz, Peter Emil;8807;4079;8945;4221;17752;8300;FDP;Stocker, Claudia;3753;5037;3349;2447;7102;7484;DIE LINKE;Schiele, Christian;1680;1283;1557;1519;3237;2802;BP;Lehnert, Andreas Alfred;1715;2017;1182;1343;2897;3360;ÖDP;Becker, Dr. Andreas;822;808;657;769;1479;1577;PIRATEN;-;X;1143;289;945;289;2088;DIE FRANKEN;-;X;X;X;X;X;X;AfD;Hauptmann, Rafael;10176;X;10283;X;20459;X;LKR;-;X;X;29;X;29;X;mut;-;X;X;99;X;99;X;Die Humanisten;-;X;X;X;X;X;X;Die PARTEI;-;X;X;457;X;457;X;Gesundheitsforschung;-;X;X;X;X;X;X;Tierschutzpartei;-;X;X;X;X;X;X;V-Partei³;Wegner, Roland;475;X;428;X;903;X;Sonstige 2013;-;X;2592;X;3013;X;5605;
705;Augsburg-Land-Süd;29.10.2018;11:27;116723;85431;73,2;+9,2;85430;73509;84888;72790;542;719;85430;73507;84410;72084;1020;1423;170860;147016;169298;144874;1562;2142;CSU;Trautner, Carolina;CSU;Trautner, Carolina;33903;37944;32045;35985;65948;73929;SPD;Woerlein, Herbert;6687;13195;8036;14716;14723;27911;FREIE WÄHLER;Mehring, Dr. Fabian;9943;6426;11267;6311;21210;12737;GRÜNE;Deisenhofer, Maximilian;14360;5646;13920;5787;28280;11433;FDP;Toth, Christian;4684;1940;3750;2084;8434;4024;DIE LINKE;Billor, Kerem;1811;1529;1957;1491;3768;3020;BP;Gumpinger, Josef Hagen;1624;1462;1275;1310;2899;2772;ÖDP;Olbrich-Krakowitzer, Gabriele;995;1409;1033;1190;2028;2599;PIRATEN;Bachmeir, Wilfried;490;1699;424;1406;914;3105;DIE FRANKEN;-;X;X;X;X;X;X;AfD;Fabian, Reinhard;9347;X;9375;X;18722;X;LKR;-;X;X;31;X;31;X;mut;-;X;X;118;X;118;X;Die Humanisten;-;X;X;X;X;X;X;Die PARTEI;Zacher, Markus;638;X;729;X;1367;X;Gesundheitsforschung;-;X;X;X;X;X;X;Tierschutzpartei;-;X;X;X;X;X;X;V-Partei³;Schlipf, Pia;406;X;450;X;856;X;Sonstige 2013;-;X;1540;X;1804;X;3344;
706;Donau-Ries;29.10.2018;11:27;100078;73492;73,4;+8,8;73489;64418;73030;63550;459;868;73489;64419;72075;62604;1414;1815;146978;128837;145105;126154;1873;2683;CSU;Fackler, Wolfgang;CSU;Fackler, Wolfgang;33632;33545;32503;32898;66135;66443;SPD;Wiedemann, Georg;7112;11073;5622;10703;12734;21776;FREIE WÄHLER;Stieglauer, Stephan;7495;5273;8932;3824;16427;9097;GRÜNE;Lettenbauer, Eva;10300;3901;9149;5118;19449;9019;FDP;Tanner, Dr. Mark;2483;1296;2583;1605;5066;2901;DIE LINKE;Himpenmacher, Tobias;1728;1676;1915;1972;3643;3648;BP;Höpfinger, Günter;1050;1384;1274;952;2324;2336;ÖDP;Thum, Johannes;1149;1328;1653;1042;2802;2370;PIRATEN;-;X;813;236;738;236;1551;DIE FRANKEN;-;X;X;X;X;X;X;AfD;Singer, Ulrich;7771;X;7312;X;15083;X;LKR;-;X;X;90;X;90;X;mut;-;X;X;95;X;95;X;Die Humanisten;-;X;X;X;X;X;X;Die PARTEI;-;X;X;441;X;441;X;Gesundheitsforschung;-;X;X;X;X;X;X;Tierschutzpartei;-;X;X;X;X;X;X;V-Partei³;Springer, Eva-Marie;310;X;270;X;580;X;Sonstige 2013;-;X;3261;X;3752;X;7013;
707;Günzburg;29.10.2018;11:27;89710;61136;68,1;+8,7;61136;52912;60742;52328;394;584;61134;52898;60297;51578;837;1320;122270;105810;121039;103906;1231;1904;CSU;Sauter, Alfred;CSU;Sauter, Alfred;24915;28758;26805;29812;51720;58570;SPD;Auinger, Tobias;3850;7019;3693;7258;7543;14277;FREIE WÄHLER;Abmayr, Ruth;7805;4633;7257;3743;15062;8376;GRÜNE;Lohr, Dr. Dr. Bernhard;8356;4625;8130;3384;16486;8009;FDP;Blaschke, Herbert;3125;1371;2107;1374;5232;2745;DIE LINKE;Balkheimer, Stefan;1354;1043;1345;1163;2699;2206;BP;Schmidt, Wolfgang;974;1350;821;1138;1795;2488;ÖDP;Berchtold, Sonja Maria;813;1190;742;1061;1555;2251;PIRATEN;Proißl, Michael;310;849;269;825;579;1674;DIE FRANKEN;-;X;X;X;X;X;X;AfD;Mannes, Gerd;8861;X;8309;X;17170;X;LKR;Kreutz, Sebastian;61;X;54;X;115;X;mut;-;X;X;82;X;82;X;Die Humanisten;-;X;X;X;X;X;X;Die PARTEI;-;X;X;411;X;411;X;Gesundheitsforschung;-;X;X;X;X;X;X;Tierschutzpartei;-;X;X;X;X;X;X;V-Partei³;Fahr, Birgit;318;X;272;X;590;X;Sonstige 2013;-;X;1490;X;1820;X;3310;
708;Kaufbeuren;29.10.2018;11:27;92177;63855;69,3;+9,8;63855;54200;63402;53579;453;621;63855;54190;62899;52957;956;1233;127710;108390;126301;106536;1409;1854;CSU;Pschierer, Franz Josef;CSU;Pschierer, Franz Josef;25164;27463;24731;29595;49895;57058;SPD;Kubatschka, Markus;3175;6587;3455;6650;6630;13237;FREIE WÄHLER;Pohl, Bernhard;9644;8184;9351;4943;18995;13127;GRÜNE;Räder, Dr. Günter;9645;3726;9871;3693;19516;7419;FDP;Bahner, Kevin;2922;1635;2543;1841;5465;3476;DIE LINKE;Meichelböck, Paul;1780;872;1702;1011;3482;1883;BP;Eißner, Sabine Angela;1314;1499;1182;1609;2496;3108;ÖDP;Rottmann-Börner, Rosina Katharina;1304;1514;1206;1391;2510;2905;PIRATEN;Kollien-Glaser, Martin;445;1181;344;1028;789;2209;DIE FRANKEN;-;X;X;X;X;X;X;AfD;Keller, Karl;7754;X;7722;X;15476;X;LKR;-;X;X;32;X;32;X;mut;-;X;X;113;X;113;X;Die Humanisten;-;X;X;X;X;X;X;Die PARTEI;-;X;X;429;X;429;X;Gesundheitsforschung;-;X;X;X;X;X;X;Tierschutzpartei;-;X;X;X;X;X;X;V-Partei³;Woywode, Daniela;255;X;218;X;473;X;Sonstige 2013;-;X;918;X;1196;X;2114;
709;Kempten, Oberallgäu;29.10.2018;11:27;107094;76032;71,0;+8,5;76028;65643;75517;64976;511;667;76019;65641;74880;64201;1139;1440;152047;131284;150397;129177;1650;2107;CSU;Kreuzer, Thomas;CSU;Kreuzer, Thomas;25798;30452;25657;29510;51455;59962;SPD;Deckwerth, Ilona;4231;8087;4112;8448;8343;16535;FREIE WÄHLER;Hold, Alexander;16189;9780;13502;8397;29691;18177;GRÜNE;Groll, Erna-Kathrein;13656;7186;14752;7057;28408;14243;FDP;Buchenberg-Köhler, Bianca;3496;2848;4672;3791;8168;6639;DIE LINKE;Gebhardt, Kevin;2299;1356;1976;1276;4275;2632;BP;Brünisholz, Uwe;895;830;816;936;1711;1766;ÖDP;Hofer, Michael;1215;2006;981;1483;2196;3489;PIRATEN;-;X;950;229;998;229;1948;DIE FRANKEN;-;X;X;X;X;X;X;AfD;Vachenauer, Dr. Wilhelm;7428;X;7253;X;14681;X;LKR;-;X;X;25;X;25;X;mut;-;X;X;116;X;116;X;Die Humanisten;-;X;X;X;X;X;X;Die PARTEI;-;X;X;509;X;509;X;Gesundheitsforschung;-;X;X;X;X;X;X;Tierschutzpartei;-;X;X;X;X;X;X;V-Partei³;Rayner, Edith Maria;310;X;280;X;590;X;Sonstige 2013;-;X;1481;X;2305;X;3786;
710;Lindau, Sonthofen;29.10.2018;11:27;118752;83506;70,3;+8,9;83503;72654;82855;71890;648;764;83502;72652;82238;70955;1264;1697;167005;145306;165093;142845;1912;2461;CSU;Beißwenger, Eric;CSU;Beißwenger, Eric;29661;35024;30443;34868;60104;69892;SPD;Maffenbeier, Michael;4514;10010;4678;9271;9192;19281;FREIE WÄHLER;Herz, Dr. Leopold;13669;9338;15914;8462;29583;17800;GRÜNE;Gehring, Thomas;19055;8001;15931;8991;34986;16992;FDP;Spitzer, Dr. Dominik;4234;2545;3228;2347;7462;4892;DIE LINKE;Schlotter, Michael;2279;1252;2398;1283;4677;2535;BP;Leising, Otto;1105;1444;1005;1229;2110;2673;ÖDP;Finger, Michael;1027;1934;1019;1867;2046;3801;PIRATEN;-;X;1318;262;1252;262;2570;DIE FRANKEN;-;X;X;X;X;X;X;AfD;Keib, Axel;6694;X;6422;X;13116;X;LKR;-;X;X;25;X;25;X;mut;Hüntemann, Matthias;254;X;148;X;402;X;Die Humanisten;-;X;X;X;X;X;X;Die PARTEI;-;X;X;435;X;435;X;Gesundheitsforschung;-;X;X;X;X;X;X;Tierschutzpartei;-;X;X;X;X;X;X;V-Partei³;Herzog, Stefan;363;X;330;X;693;X;Sonstige 2013;-;X;1024;X;1385;X;2409;
711;Marktoberdorf;29.10.2018;11:27;96031;71121;74,1;+9,3;71121;60900;70663;60289;458;611;71118;60898;70290;59538;828;1360;142239;121798;140953;119827;1286;1971;CSU;Schorer, Angelika;CSU;Schorer, Angelika;30414;31509;27606;30311;58020;61820;SPD;Wengert, Dr. Paul;5755;8710;4243;7391;9998;16101;FREIE WÄHLER;Knabner, Susen;9054;6085;12298;7071;21352;13156;GRÜNE;Vávra, Christian;10637;4591;11299;4835;21936;9426;FDP;Prost, Marcus;2633;1211;2550;1588;5183;2799;DIE LINKE;Gänsheimer, Christoph;1712;896;1537;837;3249;1733;BP;Eißner, Jürgen;2239;4142;2291;4211;4530;8353;ÖDP;Wagner, Roland;1189;1222;990;1176;2179;2398;PIRATEN;-;X;1098;292;1042;292;2140;DIE FRANKEN;-;X;X;X;X;X;X;AfD;Rotter, Wolfgang;6560;X;6286;X;12846;X;LKR;-;X;X;19;X;19;X;mut;-;X;X;138;X;138;X;Die Humanisten;-;X;X;X;X;X;X;Die PARTEI;-;X;X;389;X;389;X;Gesundheitsforschung;-;X;X;X;X;X;X;Tierschutzpartei;-;X;X;X;X;X;X;V-Partei³;Wohlfahrt, Leonie;470;X;352;X;822;X;Sonstige 2013;-;X;825;X;1076;X;1901;
712;Memmingen;29.10.2018;11:27;95794;67486;70,4;+9,5;67482;57492;66969;56719;513;773;67476;57487;66467;56134;1009;1353;134958;114979;133436;112853;1522;2126;CSU;Holetschek, Klaus;CSU;Holetschek, Klaus;27251;29733;25574;29573;52825;59306;SPD;Yeow, David;4445;9113;4206;7357;8651;16470;FREIE WÄHLER;Moser, Michael;7860;5298;11128;6929;18988;12227;GRÜNE;Pflügl, Daniel;9504;3859;9149;3871;18653;7730;FDP;Zander, Christoph;3170;1762;2767;1625;5937;3387;DIE LINKE;Kaufmann, Udo;1631;X;1556;879;3187;879;BP;Waibl, Magnus;953;1581;801;1085;1754;2666;ÖDP;Buchberger, Prof.Dr. Dieter Erwin;2718;2587;2031;2116;4749;4703;PIRATEN;-;X;1205;222;928;222;2133;DIE FRANKEN;-;X;X;X;X;X;X;AfD;Maier, Christoph;9125;X;8268;X;17393;X;LKR;-;X;X;14;X;14;X;mut;-;X;X;99;X;99;X;Die Humanisten;-;X;X;X;X;X;X;Die PARTEI;-;X;X;433;X;433;X;Gesundheitsforschung;-;X;X;X;X;X;X;Tierschutzpartei;-;X;X;X;X;X;X;V-Partei³;Greif, Katharina;312;X;219;X;531;X;Sonstige 2013;-;X;1581;X;1771;X;3352;
713;Neu-Ulm;29.10.2018;11:27;112527;72131;64,1;+8,1;72131;62554;71598;61815;533;739;72123;62552;70817;60841;1306;1711;144254;125106;142415;122656;1839;2450;CSU;Merk, Dr. Beate;CSU;Merk, Dr. Beate;25006;29089;24541;28951;49547;58040;SPD;Fürst, Daniel;7233;12687;6551;14098;13784;26785;FREIE WÄHLER;Schrapp, Wolfgang;8036;5902;7858;3670;15894;9572;GRÜNE;Rederer, Dr. Klaus;13615;4606;14173;5307;27788;9913;FDP;Hecht, Johannes;3981;2084;3712;2043;7693;4127;DIE LINKE;Österle, Dietmar;2111;1929;2147;1637;4258;3566;BP;Kirchmann, Dr. Josef Anton;634;1117;620;721;1254;1838;ÖDP;Dornach, Krimhilde Marianne;1021;1697;1005;1329;2026;3026;PIRATEN;Gasser, Benjamin;564;1294;526;1169;1090;2463;DIE FRANKEN;-;X;X;X;X;X;X;AfD;Großkurth, Dr. Gerhard;9055;X;8864;X;17919;X;LKR;-;X;X;34;X;34;X;mut;-;X;X;90;X;90;X;Die Humanisten;-;X;X;X;X;X;X;Die PARTEI;-;X;X;411;X;411;X;Gesundheitsforschung;-;X;X;X;X;X;X;Tierschutzpartei;-;X;X;X;X;X;X;V-Partei³;Heydrich, Roy;342;X;285;X;627;X;Sonstige 2013;-;X;1410;X;1916;X;3326;
